movie_id,title,genres
0,Toy Story (1995),Animation|Children's|Comedy
1,Jumanji (1995),Adventure|Children's|Fantasy
2,Grumpier Old Men (1995),Comedy|Romance
3,Waiting to Exhale (1995),Comedy|Drama
4,Father of the Bride Part II (1995),Comedy
5,Heat (1995),Action|Crime|Thriller
6,Sabrina (1995),Comedy|Romance
7,Tom and Huck (1995),Adventure|Children's
8,Sudden Death (1995),Action
9,GoldenEye (1995),Action|Adventure|Thriller
10,"American President, The (1995)",Comedy|Drama|Romance
11,Dracula: Dead and Loving It (1995),Comedy|Horror
12,Balto (1995),Animation|Children's
13,Nixon (1995),Drama
14,Cutthroat Island (1995),Action|Adventure|Romance
15,Casino (1995),Drama|Thriller
16,Sense and Sensibility (1995),Drama|Romance
17,Four Rooms (1995),Thriller
18,Ace Ventura: When Nature Calls (1995),Comedy
19,Money Train (1995),Action
20,Get Shorty (1995),Action|Comedy|Drama
21,Copycat (1995),Crime|Drama|Thriller
22,Assassins (1995),Thriller
23,Powder (1995),Drama|Sci-Fi
24,Leaving Las Vegas (1995),Drama|Romance
25,Othello (1995),Drama
26,Now and Then (1995),Drama
27,Persuasion (1995),Romance
28,"City of Lost Children, The (1995)",Adventure|Sci-Fi
29,Shanghai Triad (Yao a yao yao dao waipo qiao) (1995),Drama
30,Dangerous Minds (1995),Drama
31,Twelve Monkeys (1995),Drama|Sci-Fi
32,Babe (1995),Children's|Comedy|Drama
33,Carrington (1995),Drama|Romance
34,Dead Man Walking (1995),Drama
35,Across the Sea of Time (1995),Documentary
36,It Takes Two (1995),Comedy
37,Clueless (1995),Comedy|Romance
38,"Cry, the Beloved Country (1995)",Drama
39,Richard III (1995),Drama|War
40,Dead Presidents (1995),Action|Crime|Drama
41,Restoration (1995),Drama
42,Mortal Kombat (1995),Action|Adventure
43,To Die For (1995),Comedy|Drama
44,How to Make an American Quilt (1995),Drama|Romance
45,Seven (Se7en) (1995),Crime|Thriller
46,Pocahontas (1995),Animation|Children's|Musical|Romance
47,When Night Is Falling (1995),Drama|Romance
48,"Usual Suspects, The (1995)",Crime|Thriller
49,Mighty Aphrodite (1995),Comedy
50,Lamerica (1994),Drama
51,"Big Green, The (1995)",Children's|Comedy
52,Georgia (1995),Drama
53,Kids of the Round Table (1995),Adventure|Children's|Fantasy
54,Home for the Holidays (1995),Drama
55,"Postino, Il (The Postman) (1994)",Drama|Romance
56,"Confessional, The (Le Confessionnal) (1995)",Drama|Mystery
57,"Indian in the Cupboard, The (1995)",Adventure|Children's|Fantasy
58,Eye for an Eye (1996),Drama|Thriller
59,Mr. Holland's Opus (1995),Drama
60,Don't Be a Menace to South Central While Drinking Your Juice in the Hood (1996),Comedy
61,Two if by Sea (1996),Comedy|Romance
62,Bio-Dome (1996),Comedy
63,Lawnmower Man 2: Beyond Cyberspace (1996),Sci-Fi|Thriller
64,French Twist (Gazon maudit) (1995),Comedy|Romance
65,Friday (1995),Comedy
66,From Dusk Till Dawn (1996),Action|Comedy|Crime|Horror|Thriller
67,Fair Game (1995),Action
68,Kicking and Screaming (1995),Comedy|Drama
69,"Misérables, Les (1995)",Drama|Musical
70,Bed of Roses (1996),Drama|Romance
71,Big Bully (1996),Comedy|Drama
72,Screamers (1995),Sci-Fi|Thriller
73,Nico Icon (1995),Documentary
74,"Crossing Guard, The (1995)",Drama
75,"Juror, The (1996)",Drama|Thriller
76,"White Balloon, The (Badkonake Sefid ) (1995)",Drama
77,Things to Do in Denver when You're Dead (1995),Crime|Drama|Romance
78,Antonia's Line (Antonia) (1995),Drama
79,Once Upon a Time... When We Were Colored (1995),Drama
80,Last Summer in the Hamptons (1995),Comedy|Drama
81,Angels and Insects (1995),Drama|Romance
82,White Squall (1996),Adventure|Drama
83,Dunston Checks In (1996),Children's|Comedy
84,Black Sheep (1996),Comedy
85,Nick of Time (1995),Action|Thriller
86,"Journey of August King, The (1995)",Drama
87,Mary Reilly (1996),Drama|Thriller
88,Vampire in Brooklyn (1995),Comedy|Romance
89,Beautiful Girls (1996),Drama
90,Broken Arrow (1996),Action|Thriller
91,In the Bleak Midwinter (1995),Comedy
92,"Hate (Haine, La) (1995)",Drama
93,Shopping (1994),Action|Thriller
94,Heidi Fleiss: Hollywood Madam (1995),Documentary
95,City Hall (1996),Drama|Thriller
96,Bottle Rocket (1996),Comedy
97,Mr. Wrong (1996),Comedy
98,Unforgettable (1996),Thriller
99,Happy Gilmore (1996),Comedy
100,"Bridges of Madison County, The (1995)",Drama|Romance
101,Nobody Loves Me (Keiner liebt mich) (1994),Comedy|Drama
102,Muppet Treasure Island (1996),Adventure|Children's|Comedy|Musical
103,Catwalk (1995),Documentary
104,Braveheart (1995),Action|Drama|War
105,Taxi Driver (1976),Drama|Thriller
106,Rumble in the Bronx (1995),Action|Adventure|Crime
107,Before and After (1996),Drama|Mystery
108,Margaret's Museum (1995),Drama
109,Anne Frank Remembered (1995),Documentary
110,"Young Poisoner's Handbook, The (1995)",Crime
111,If Lucy Fell (1996),Comedy|Romance
112,"Steal Big, Steal Little (1995)",Comedy
113,"Boys of St. Vincent, The (1993)",Drama
114,Boomerang (1992),Comedy|Romance
115,Chungking Express (1994),Drama|Mystery|Romance
116,"Star Maker, The (Uomo delle stelle, L') (1995)",Drama
117,Flirting With Disaster (1996),Comedy
118,"NeverEnding Story III, The (1994)",Adventure|Children's|Fantasy
119,Jupiter's Wife (1994),Documentary
120,Pie in the Sky (1995),Comedy|Romance
121,Frankie Starlight (1995),Drama|Romance
122,Jade (1995),Thriller
123,Down Periscope (1996),Comedy
124,From the Journals of Jean Seberg (1995),Documentary
125,Man of the Year (1995),Documentary
126,Up Close and Personal (1996),Drama|Romance
127,"Birdcage, The (1996)",Comedy
128,"Brothers McMullen, The (1995)",Comedy
129,Bad Boys (1995),Action
130,"Amazing Panda Adventure, The (1995)",Adventure|Children's
131,"Basketball Diaries, The (1995)",Drama
132,"Awfully Big Adventure, An (1995)",Drama
133,Amateur (1994),Crime|Drama|Thriller
134,Apollo 13 (1995),Drama
135,Rob Roy (1995),Drama|Romance|War
136,"Addiction, The (1995)",Horror
137,Batman Forever (1995),Action|Adventure|Comedy|Crime
138,Belle de jour (1967),Drama
139,Beyond Rangoon (1995),Drama|War
140,Blue in the Face (1995),Comedy
141,Canadian Bacon (1994),Comedy|War
142,Casper (1995),Adventure|Children's
143,Clockers (1995),Drama
144,Congo (1995),Action|Adventure|Mystery|Sci-Fi
145,Crimson Tide (1995),Drama|Thriller|War
146,Crumb (1994),Documentary
147,Desperado (1995),Action|Romance|Thriller
148,Devil in a Blue Dress (1995),Crime|Film-Noir|Mystery|Thriller
149,Die Hard: With a Vengeance (1995),Action|Thriller
150,"Doom Generation, The (1995)",Comedy|Drama
151,Feast of July (1995),Drama
152,First Knight (1995),Action|Adventure|Drama|Romance
153,Free Willy 2: The Adventure Home (1995),Adventure|Children's|Drama
154,Hackers (1995),Action|Crime|Thriller
155,Jeffrey (1995),Comedy
156,Johnny Mnemonic (1995),Action|Sci-Fi|Thriller
157,Judge Dredd (1995),Action|Adventure|Sci-Fi
158,Jury Duty (1995),Comedy
159,Kids (1995),Drama
160,Living in Oblivion (1995),Comedy
161,Lord of Illusions (1995),Horror
162,Love & Human Remains (1993),Comedy
163,Mad Love (1995),Drama|Romance
164,Mallrats (1995),Comedy
165,Mighty Morphin Power Rangers: The Movie (1995),Action|Children's
166,Moonlight and Valentino (1995),Drama|Romance
167,Mute Witness (1994),Thriller
168,Nadja (1994),Drama
169,"Net, The (1995)",Sci-Fi|Thriller
170,Nine Months (1995),Comedy
171,Party Girl (1995),Comedy
172,"Prophecy, The (1995)",Horror
173,Reckless (1995),Comedy
174,Safe (1995),Thriller
175,"Scarlet Letter, The (1995)",Drama
176,Showgirls (1995),Drama
177,Smoke (1995),Drama
178,Something to Talk About (1995),Comedy|Drama|Romance
179,Species (1995),Horror|Sci-Fi
180,"Stars Fell on Henrietta, The (1995)",Drama
181,Strange Days (1995),Action|Crime|Sci-Fi
182,"Umbrellas of Cherbourg, The (Parapluies de Cherbourg, Les) (1964)",Drama|Musical
183,"Tie That Binds, The (1995)",Thriller
184,Three Wishes (1995),Drama
185,Total Eclipse (1995),Drama|Romance
186,"To Wong Foo, Thanks for Everything! Julie Newmar (1995)",Comedy
187,Under Siege 2: Dark Territory (1995),Action
188,Unstrung Heroes (1995),Comedy|Drama
189,Unzipped (1995),Documentary
190,"Walk in the Clouds, A (1995)",Drama|Romance
191,Waterworld (1995),Action|Adventure
192,White Man's Burden (1995),Drama
193,Wild Bill (1995),Western
194,"Browning Version, The (1994)",Drama
195,Bushwhacked (1995),Comedy
196,Burnt By the Sun (Utomlyonnye solntsem) (1994),Drama
197,Before the Rain (Pred dozhdot) (1994),Drama
198,Before Sunrise (1995),Drama|Romance
199,Billy Madison (1995),Comedy
200,"Babysitter, The (1995)",Drama|Thriller
201,Boys on the Side (1995),Comedy|Drama
202,"Cure, The (1995)",Drama
203,Castle Freak (1995),Horror
204,Circle of Friends (1995),Drama|Romance
205,Clerks (1994),Comedy
206,Don Juan DeMarco (1995),Comedy|Drama|Romance
207,Disclosure (1994),Drama|Thriller
208,Drop Zone (1994),Action
209,Destiny Turns on the Radio (1995),Comedy
210,Death and the Maiden (1994),Drama|Thriller
211,Dolores Claiborne (1994),Drama|Thriller
212,Dumb & Dumber (1994),Comedy
213,Eat Drink Man Woman (1994),Comedy|Drama
214,Exotica (1994),Drama
215,Exit to Eden (1994),Comedy
216,Ed Wood (1994),Comedy|Drama
217,French Kiss (1995),Comedy|Romance
218,Forget Paris (1995),Comedy|Romance
219,Far From Home: The Adventures of Yellow Dog (1995),Adventure|Children's
220,"Goofy Movie, A (1995)",Animation|Children's|Comedy|Romance
221,Hideaway (1995),Thriller
222,Fluke (1995),Children's|Drama
223,Farinelli: il castrato (1994),Drama|Musical
224,Gordy (1995),Comedy
225,Gumby: The Movie (1995),Animation|Children's
226,"Glass Shield, The (1994)",Crime|Drama
227,Hoop Dreams (1994),Documentary
228,Heavenly Creatures (1994),Drama|Fantasy|Romance|Thriller
229,Houseguest (1994),Comedy
230,Immortal Beloved (1994),Drama|Romance
231,Heavyweights (1994),Children's|Comedy
232,"Hunted, The (1995)",Action
233,I.Q. (1994),Comedy|Romance
234,Interview with the Vampire (1994),Drama|Horror
235,Jefferson in Paris (1995),Drama
236,"Jerky Boys, The (1994)",Comedy
237,Junior (1994),Comedy|Sci-Fi
238,Just Cause (1995),Mystery|Thriller
239,"Kid in King Arthur's Court, A (1995)",Adventure|Children's|Comedy|Fantasy|Romance
240,Kiss of Death (1995),Crime|Drama|Thriller
241,Star Wars: Episode IV - A New Hope (1977),Action|Adventure|Fantasy|Sci-Fi
242,Little Women (1994),Drama
243,"Little Princess, A (1995)",Children's|Drama
244,Ladybird Ladybird (1994),Drama
245,"Enfer, L' (1994)",Drama
246,Like Water for Chocolate (Como agua para chocolate) (1992),Drama|Romance
247,Legends of the Fall (1994),Drama|Romance|War|Western
248,Major Payne (1994),Comedy
249,Little Odessa (1994),Drama
250,My Crazy Life (Mi vida loca) (1993),Drama
251,Love Affair (1994),Drama|Romance
252,Losing Isaiah (1995),Drama
253,"Madness of King George, The (1994)",Drama
254,Mary Shelley's Frankenstein (1994),Drama|Horror
255,Man of the House (1995),Comedy
256,Mixed Nuts (1994),Comedy
257,Milk Money (1994),Comedy|Romance
258,Miracle on 34th Street (1994),Drama
259,Miami Rhapsody (1995),Comedy
260,My Family (1995),Drama
261,Murder in the First (1995),Drama|Thriller
262,Nobody's Fool (1994),Drama
263,Nell (1994),Drama
264,New Jersey Drive (1995),Crime|Drama
265,Nina Takes a Lover (1994),Comedy|Romance
266,Natural Born Killers (1994),Action|Thriller
267,Only You (1994),Comedy|Romance
268,Once Were Warriors (1994),Crime|Drama
269,Poison Ivy II (1995),Thriller
270,Outbreak (1995),Action|Drama|Thriller
271,"Professional, The (a.k.a. Leon: The Professional) (1994)",Crime|Drama|Romance|Thriller
272,"Perez Family, The (1995)",Comedy|Romance
273,"Pyromaniac's Love Story, A (1995)",Comedy|Romance
274,Pulp Fiction (1994),Crime|Drama
275,Panther (1995),Drama
276,Pushing Hands (1992),Comedy
277,Priest (1994),Drama
278,Quiz Show (1994),Drama
279,Picture Bride (1995),Drama|Romance
280,Queen Margot (La Reine Margot) (1994),Drama|Romance
281,"Quick and the Dead, The (1995)",Action|Adventure|Western
282,Roommates (1995),Comedy|Drama
283,Ready to Wear (Pret-A-Porter) (1994),Comedy
284,Three Colors: Red (1994),Drama
285,Three Colors: Blue (1993),Drama
286,Three Colors: White (1994),Drama
287,"Red Firecracker, Green Firecracker (1994)",Drama
288,Rent-a-Kid (1995),Comedy
289,Stuart Saves His Family (1995),Comedy
290,"Swan Princess, The (1994)",Animation|Children's
291,"Secret of Roan Inish, The (1994)",Drama
292,"Specialist, The (1994)",Action
293,Stargate (1994),Action|Adventure|Sci-Fi
294,"Santa Clause, The (1994)",Children's|Comedy|Fantasy
295,"Shawshank Redemption, The (1994)",Drama
296,Shallow Grave (1994),Thriller
297,Suture (1993),Film-Noir|Thriller
298,Strawberry and Chocolate (Fresa y chocolate) (1993),Drama
299,Swimming with Sharks (1995),Comedy|Drama
300,"Sum of Us, The (1994)",Comedy
301,National Lampoon's Senior Trip (1995),Comedy
302,To Live (Huozhe) (1994),Drama
303,Tank Girl (1995),Action|Comedy|Musical|Sci-Fi
304,Tales From the Crypt Presents: Demon Knight (1995),Horror
305,Star Trek: Generations (1994),Action|Adventure|Sci-Fi
306,Tales from the Hood (1995),Comedy|Horror
307,Tom & Viv (1994),Drama
308,Village of the Damned (1995),Horror|Sci-Fi
309,Tommy Boy (1995),Comedy
310,Vanya on 42nd Street (1994),Drama
311,"Underneath, The (1995)",Mystery|Thriller
312,"Walking Dead, The (1995)",Drama|War
313,What's Eating Gilbert Grape (1993),Drama
314,Virtuosity (1995),Sci-Fi|Thriller
315,While You Were Sleeping (1995),Comedy|Romance
316,"War, The (1994)",Adventure|Drama
317,Double Happiness (1994),Drama
318,Muriel's Wedding (1994),Comedy|Romance
319,"Baby-Sitters Club, The (1995)",Children's
320,Ace Ventura: Pet Detective (1994),Comedy
321,"Adventures of Priscilla, Queen of the Desert, The (1994)",Comedy|Drama
322,Backbeat (1993),Drama|Musical
323,Bitter Moon (1992),Drama
324,Bullets Over Broadway (1994),Comedy
325,Clear and Present Danger (1994),Action|Adventure|Thriller
326,"Client, The (1994)",Drama|Mystery|Thriller
327,"Corrina, Corrina (1994)",Comedy|Drama|Romance
328,Crooklyn (1994),Comedy
329,"Crow, The (1994)",Action|Romance|Thriller
330,Cobb (1994),Drama
331,"Flintstones, The (1994)",Children's|Comedy
332,Forrest Gump (1994),Comedy|Romance|War
333,Four Weddings and a Funeral (1994),Comedy|Romance
334,Higher Learning (1995),Drama
335,I Like It Like That (1994),Comedy|Drama|Romance
336,I Love Trouble (1994),Action|Comedy
337,It Could Happen to You (1994),Drama|Romance
338,"Jungle Book, The (1994)",Adventure|Children's|Romance
339,"Wonderful, Horrible Life of Leni Riefenstahl, The (Die Macht der Bilder) (1993)",Documentary
340,"Lion King, The (1994)",Animation|Children's|Musical
341,Little Buddha (1993),Drama
342,Wes Craven's New Nightmare (1994),Horror
343,"Mask, The (1994)",Comedy|Crime|Fantasy
344,Maverick (1994),Action|Comedy|Western
345,Mrs. Parker and the Vicious Circle (1994),Drama
346,Naked Gun 33 1/3: The Final Insult (1994),Comedy
347,"Paper, The (1994)",Comedy|Drama
348,Reality Bites (1994),Comedy|Drama
349,Red Rock West (1992),Thriller
350,Richie Rich (1994),Children's|Comedy
351,Safe Passage (1994),Drama
352,"River Wild, The (1994)",Action|Thriller
353,Speed (1994),Action|Romance|Thriller
354,Speechless (1994),Comedy|Romance
355,Timecop (1994),Action|Sci-Fi
356,True Lies (1994),Action|Adventure|Comedy|Romance
357,When a Man Loves a Woman (1994),Drama
358,Wolf (1994),Drama|Horror
359,Wyatt Earp (1994),Western
360,Bad Company (1995),Action
361,"Man of No Importance, A (1994)",Drama
362,S.F.W. (1994),Drama
363,"Low Down Dirty Shame, A (1994)",Action|Comedy
364,Boys Life (1995),Drama
365,"Colonel Chabert, Le (1994)",Drama|Romance|War
366,Faster Pussycat! Kill! Kill! (1965),Action|Comedy|Drama
367,Jason's Lyric (1994),Crime|Drama
368,"Secret Adventures of Tom Thumb, The (1993)",Adventure|Children's
369,Street Fighter (1994),Action
370,Coldblooded (1995),Action
371,"Fear, The (1995)",Horror
372,Highlander III: The Sorcerer (1994),Action|Sci-Fi
373,Federal Hill (1994),Drama
374,In the Mouth of Madness (1995),Horror|Thriller
375,8 Seconds (1994),Drama
376,Above the Rim (1994),Drama
377,Addams Family Values (1993),Comedy
378,You So Crazy (1994),Comedy
379,"Age of Innocence, The (1993)",Drama
380,Airheads (1994),Comedy
381,"Air Up There, The (1994)",Comedy
382,Another Stakeout (1993),Comedy|Thriller
383,Bad Girls (1994),Western
384,Barcelona (1994),Comedy|Romance
385,Being Human (1993),Drama
386,"Beverly Hillbillies, The (1993)",Comedy
387,Beverly Hills Cop III (1994),Action|Comedy
388,Black Beauty (1994),Adventure|Children's
389,Blink (1994),Thriller
390,Blown Away (1994),Action|Thriller
391,Blue Chips (1994),Drama
392,Blue Sky (1994),Drama|Romance
393,Body Snatchers (1993),Horror|Sci-Fi|Thriller
394,Boxing Helena (1993),Mystery|Romance|Thriller
395,"Bronx Tale, A (1993)",Drama
396,Cabin Boy (1994),Comedy
397,Calendar Girl (1993),Drama
398,Carlito's Way (1993),Crime|Drama
399,City Slickers II: The Legend of Curly's Gold (1994),Comedy|Western
400,Clean Slate (1994),Comedy
401,Cliffhanger (1993),Action|Adventure|Crime
402,Coneheads (1993),Comedy|Sci-Fi
403,Color of Night (1994),Drama|Thriller
404,Cops and Robbersons (1994),Comedy
405,"Cowboy Way, The (1994)",Action|Comedy
406,Dave (1993),Comedy|Romance
407,Dazed and Confused (1993),Comedy
408,Demolition Man (1993),Action|Sci-Fi
409,"Endless Summer 2, The (1994)",Documentary
410,Even Cowgirls Get the Blues (1993),Comedy|Romance
411,Fatal Instinct (1993),Comedy
412,Farewell My Concubine (1993),Drama|Romance
413,"Favor, The (1994)",Comedy|Romance
414,Fearless (1993),Drama
415,Fear of a Black Hat (1993),Comedy
416,With Honors (1994),Comedy|Drama
417,Flesh and Bone (1993),Drama|Mystery|Romance
418,Widows' Peak (1994),Drama
419,For Love or Money (1993),Comedy
420,"Firm, The (1993)",Drama|Thriller
421,Free Willy (1993),Adventure|Children's|Drama
422,Fresh (1994),Drama
423,"Fugitive, The (1993)",Action|Thriller
424,Geronimo: An American Legend (1993),Drama|Western
425,"Getaway, The (1994)",Action
426,Getting Even with Dad (1994),Comedy
427,Go Fish (1994),Drama|Romance
428,"Good Man in Africa, A (1994)",Action|Adventure
429,Guilty as Sin (1993),Crime|Drama|Thriller
430,Hard Target (1993),Action|Adventure|Crime|Thriller
431,Heaven & Earth (1993),Action|Drama|War
432,Hot Shots! Part Deux (1993),Action|Comedy|War
433,Live Nude Girls (1995),Comedy
434,"Englishman Who Went Up a Hill, But Came Down a Mountain, The (1995)",Comedy|Romance
435,"House of the Spirits, The (1993)",Drama|Romance
436,House Party 3 (1994),Comedy
437,"Hudsucker Proxy, The (1994)",Comedy|Romance
438,I'll Do Anything (1994),Comedy|Drama
439,In the Army Now (1994),Comedy|War
440,In the Line of Fire (1993),Action|Thriller
441,In the Name of the Father (1993),Drama
442,"Inkwell, The (1994)",Comedy|Drama
443,What's Love Got to Do with It? (1993),Drama
444,Jimmy Hollywood (1994),Comedy
445,Judgment Night (1993),Action
446,Jurassic Park (1993),Action|Adventure|Sci-Fi
447,Kalifornia (1993),Drama|Thriller
448,Killing Zoe (1994),Thriller
449,King of the Hill (1993),Drama
450,Lassie (1994),Adventure|Children's
451,Last Action Hero (1993),Action|Comedy
452,Life with Mikey (1993),Comedy
453,Lightning Jack (1994),Comedy|Western
454,M. Butterfly (1993),Drama
455,Made in America (1993),Comedy
456,Malice (1993),Thriller
457,"Man Without a Face, The (1993)",Drama
458,Manhattan Murder Mystery (1993),Comedy|Mystery
459,Menace II Society (1993),Action|Crime|Drama
460,Executive Decision (1996),Action|Thriller
461,In the Realm of the Senses (Ai no corrida) (1976),Drama
462,What Happened Was... (1994),Comedy|Drama|Romance
463,Much Ado About Nothing (1993),Comedy|Romance
464,Mr. Jones (1993),Drama|Romance
465,Mr. Wonderful (1993),Comedy|Romance
466,Mrs. Doubtfire (1993),Comedy
467,Naked (1993),Drama
468,"Next Karate Kid, The (1994)",Action|Children's
469,"New Age, The (1994)",Drama
470,No Escape (1994),Action|Sci-Fi
471,North (1994),Comedy
472,Orlando (1993),Drama
473,"Perfect World, A (1993)",Action|Drama
474,Philadelphia (1993),Drama
475,"Piano, The (1993)",Drama|Romance
476,Poetic Justice (1993),Drama
477,"Program, The (1993)",Action|Drama
478,Robert A. Heinlein's The Puppet Masters (1994),Horror|Sci-Fi
479,Radioland Murders (1994),Comedy|Mystery|Romance
480,"Ref, The (1994)",Comedy
481,"Remains of the Day, The (1993)",Drama
482,Renaissance Man (1994),Comedy|Drama|War
483,Rising Sun (1993),Action|Drama|Mystery
484,"Road to Wellville, The (1994)",Comedy
485,Robocop 3 (1993),Sci-Fi|Thriller
486,Robin Hood: Men in Tights (1993),Comedy
487,Romeo Is Bleeding (1993),Crime|Thriller
488,Romper Stomper (1992),Action|Drama
489,Ruby in Paradise (1993),Drama
490,Rudy (1993),Drama
491,"Saint of Fort Washington, The (1993)",Drama
492,"Savage Nights (Nuits fauves, Les) (1992)",Drama
493,Schindler's List (1993),Drama|War
494,"Scout, The (1994)",Drama
495,Searching for Bobby Fischer (1993),Drama
496,"Secret Garden, The (1993)",Children's|Drama
497,Serial Mom (1994),Comedy|Crime|Horror
498,"Shadow, The (1994)",Action
499,Shadowlands (1993),Drama|Romance
500,Short Cuts (1993),Drama
501,"Simple Twist of Fate, A (1994)",Drama
502,Sirens (1994),Comedy|Drama
503,Six Degrees of Separation (1993),Drama
504,Sleepless in Seattle (1993),Comedy|Romance
505,Sliver (1993),Thriller
506,Blade Runner (1982),Film-Noir|Sci-Fi
507,Son in Law (1993),Comedy
508,So I Married an Axe Murderer (1993),Comedy|Romance|Thriller
509,Striking Distance (1993),Action
510,Super Mario Bros. (1993),Action|Adventure|Children's|Sci-Fi
511,Surviving the Game (1994),Action|Adventure|Thriller
512,Terminal Velocity (1994),Action
513,Thirty-Two Short Films About Glenn Gould (1993),Documentary
514,Threesome (1994),Comedy|Romance
515,"Nightmare Before Christmas, The (1993)",Children's|Comedy|Musical
516,"Three Musketeers, The (1993)",Action|Adventure|Comedy
517,Tombstone (1993),Western
518,Trial by Jury (1994),Thriller
519,True Romance (1993),Action|Crime|Romance
520,"War Room, The (1993)",Documentary
521,"Pagemaster, The (1994)",Action|Adventure|Animation|Children's|Fantasy
522,"Paris, France (1993)",Comedy
523,"Beans of Egypt, Maine, The (1994)",Drama
524,Killer (Bulletproof Heart) (1994),Thriller
525,Welcome to the Dollhouse (1995),Comedy|Drama
526,Germinal (1993),Drama
527,Chasers (1994),Comedy
528,Cronos (1992),Horror
529,Naked in New York (1994),Comedy|Romance
530,Kika (1993),Drama
531,Bhaji on the Beach (1993),Comedy|Drama
532,Little Big League (1994),Children's|Comedy
533,"Slingshot, The (Kådisbellan ) (1993)",Comedy|Drama
534,"Wedding Gift, The (1994)",Drama
535,"Ciao, Professore! (Io speriamo che me la cavo ) (1993)",Drama
536,Spanking the Monkey (1994),Comedy|Drama
537,"Little Rascals, The (1994)",Children's|Comedy
538,Andre (1994),Adventure|Children's
539,Princess Caraboo (1994),Drama
540,"Celluloid Closet, The (1995)",Documentary
541,Dear Diary (Caro Diario) (1994),Comedy|Drama
542,"Brady Bunch Movie, The (1995)",Comedy
543,Home Alone (1990),Children's|Comedy
544,Ghost (1990),Comedy|Romance|Thriller
545,Aladdin (1992),Animation|Children's|Comedy|Musical
546,Terminator 2: Judgment Day (1991),Action|Sci-Fi|Thriller
547,Dances with Wolves (1990),Adventure|Drama|Western
548,Batman (1989),Action|Adventure|Crime|Drama
549,"Silence of the Lambs, The (1991)",Drama|Thriller
550,Snow White and the Seven Dwarfs (1937),Animation|Children's|Musical
551,Beauty and the Beast (1991),Animation|Children's|Musical
552,Pinocchio (1940),Animation|Children's
553,Pretty Woman (1990),Comedy|Romance
554,Window to Paris (1994),Comedy
555,"Wild Bunch, The (1969)",Western
556,Love and a .45 (1994),Thriller
557,"Great Day in Harlem, A (1994)",Documentary
558,"Bye Bye, Love (1995)",Comedy
559,One Fine Day (1996),Drama|Romance
560,Candyman: Farewell to the Flesh (1995),Horror
561,Fargo (1996),Crime|Drama|Thriller
562,Homeward Bound II: Lost in San Francisco (1996),Adventure|Children's
563,Heavy Metal (1981),Action|Adventure|Animation|Horror|Sci-Fi
564,Hellraiser: Bloodline (1996),Action|Horror|Sci-Fi
565,"Pallbearer, The (1996)",Comedy
566,Jane Eyre (1996),Drama|Romance
567,Loaded (1994),Drama|Thriller
568,Bread and Chocolate (Pane e cioccolata) (1973),Drama
569,"Aristocats, The (1970)",Animation|Children's
570,"Flower of My Secret, The (La Flor de Mi Secreto) (1995)",Drama
571,Two Much (1996),Comedy|Romance
572,Ed (1996),Comedy
573,My Favorite Season (1993),Drama
574,"Thin Line Between Love and Hate, A (1996)",Comedy
575,"Last Supper, The (1995)",Drama|Thriller
576,Primal Fear (1996),Drama|Thriller
577,Carried Away (1996),Drama|Romance
578,All Dogs Go to Heaven 2 (1996),Animation|Children's|Musical
579,Land and Freedom (Tierra y libertad) (1995),War
580,Denise Calls Up (1995),Comedy
581,"Family Thing, A (1996)",Comedy|Drama
582,Sgt. Bilko (1996),Comedy
583,Jack and Sarah (1995),Romance
584,Girl 6 (1996),Comedy
585,Diabolique (1996),Drama|Thriller
586,Nelly & Monsieur Arnaud (1995),Drama
587,Courage Under Fire (1996),Drama|War
588,Mission: Impossible (1996),Action|Adventure|Mystery
589,Cold Fever (Á köldum klaka) (1994),Comedy|Drama
590,Moll Flanders (1996),Drama
591,"301, 302 (1995)",Mystery
592,Dragonheart (1996),Action|Adventure|Fantasy
593,Eddie (1996),Comedy
594,Purple Noon (1960),Crime|Thriller
595,James and the Giant Peach (1996),Animation|Children's|Musical
596,Fear (1996),Thriller
597,Kids in the Hall: Brain Candy (1996),Comedy
598,Faithful (1996),Comedy
599,Underground (1995),War
600,Bloodsport 2 (1995),Action
601,Pather Panchali (1955),Drama
602,Aparajito (1956),Drama
603,"World of Apu, The (Apur Sansar) (1959)",Drama
604,Mystery Science Theater 3000: The Movie (1996),Comedy|Sci-Fi
605,Space Jam (1996),Adventure|Animation|Children's|Comedy|Fantasy
606,Barbarella (1968),Adventure|Sci-Fi
607,Some Folks Call It a Sling Blade (1993),Drama|Thriller
608,Alphaville (1965),Sci-Fi
609,Clean Slate (Coup de Torchon) (1981),Crime
610,It's My Party (1995),Drama
611,Operation Dumbo Drop (1995),Action|Adventure|Comedy|War
612,Mrs. Winterbourne (1996),Comedy|Romance
613,Solo (1996),Action|Sci-Fi|Thriller
614,"Substitute, The (1996)",Action
615,True Crime (1995),Mystery|Thriller
616,Feeling Minnesota (1996),Drama|Romance
617,Delta of Venus (1994),Drama
618,Angus (1995),Comedy
619,Faces (1968),Drama
620,Boys (1996),Drama
621,"Quest, The (1996)",Action|Adventure
622,Cosi (1996),Comedy
623,Mulholland Falls (1996),Crime|Film-Noir|Thriller
624,"Truth About Cats & Dogs, The (1996)",Comedy|Romance
625,Oliver & Company (1988),Animation|Children's
626,Celtic Pride (1996),Comedy
627,Flipper (1996),Adventure|Children's
628,Dead Man (1995),Western
629,"Horseman on the Roof, The (Hussard sur le toit, Le) (1995)",Drama
630,Switchblade Sisters (1975),Crime
631,"Visitors, The (Les Visiteurs) (1993)",Comedy|Sci-Fi
632,Multiplicity (1996),Comedy
633,Wallace & Gromit: The Best of Aardman Animation (1996),Animation
634,"Haunted World of Edward D. Wood Jr., The (1995)",Documentary
635,"Craft, The (1996)",Drama|Horror
636,"Great White Hype, The (1996)",Comedy
637,Last Dance (1996),Drama
638,Cold Comfort Farm (1995),Comedy
639,Heaven's Prisoners (1996),Mystery|Thriller
640,Original Gangstas (1996),Crime
641,"Rock, The (1996)",Action|Adventure|Thriller
642,Cemetery Man (Dellamorte Dellamore) (1994),Comedy|Horror
643,Twister (1996),Action|Adventure|Romance|Thriller
644,Barb Wire (1996),Action|Sci-Fi
645,Ghost in the Shell (Kokaku kidotai) (1995),Animation|Sci-Fi
646,Thinner (1996),Horror|Thriller
647,Spy Hard (1996),Comedy
648,"Close Shave, A (1995)",Animation|Comedy|Thriller
649,Force of Evil (1948),Film-Noir
650,"Stupids, The (1996)",Comedy
651,"Arrival, The (1996)",Action|Sci-Fi|Thriller
652,Dr. Strangelove or: How I Learned to Stop Worrying and Love the Bomb (1963),Sci-Fi|War
653,Careful (1992),Comedy
654,"Month by the Lake, A (1995)",Comedy|Drama
655,Gold Diggers: The Secret of Bear Mountain (1995),Adventure|Children's
656,Kim (1950),Children's|Drama
657,Maya Lin: A Strong Clear Vision (1994),Documentary
658,Stalingrad (1993),War
659,"Phantom, The (1996)",Adventure
660,Striptease (1996),Comedy|Crime
661,Heavy (1995),Drama|Romance
662,Jack (1996),Comedy|Drama
663,I Shot Andy Warhol (1996),Drama
664,"Grass Harp, The (1995)",Drama
665,Marlene Dietrich: Shadow and Light (1996),Documentary
666,"Vie est belle, La (Life is Rosey) (1987)",Comedy|Drama
667,Spirits of the Dead (Tre Passi nel Delirio) (1968),Horror
668,Trainspotting (1996),Drama
669,'Til There Was You (1997),Drama|Romance
670,Independence Day (ID4) (1996),Action|Sci-Fi|War
671,Stealing Beauty (1996),Drama
672,"Fan, The (1996)",Thriller
673,"Hunchback of Notre Dame, The (1996)",Animation|Children's|Musical
674,"Cable Guy, The (1996)",Comedy
675,Kingpin (1996),Comedy
676,Eraser (1996),Action|Thriller
677,"Nutty Professor, The (1996)",Comedy|Fantasy|Romance|Sci-Fi
678,My Life and Times With Antonin Artaud (En compagnie d'Antonin Artaud) (1993),Drama
679,Daylight (1996),Action|Adventure|Thriller
680,"Frighteners, The (1996)",Comedy|Horror
681,Lone Star (1996),Drama|Mystery
682,Harriet the Spy (1996),Children's|Comedy
683,Phenomenon (1996),Drama|Romance
684,Walking and Talking (1996),Romance
685,She's the One (1996),Comedy|Romance
686,"Time to Kill, A (1996)",Drama
687,American Buffalo (1996),Drama
688,"Rendezvous in Paris (Rendez-vous de Paris, Les) (1995)",Comedy|Romance
689,Alaska (1996),Adventure|Children's
690,Fled (1996),Action|Adventure
691,Kazaam (1996),Children's|Comedy|Fantasy
692,"Bewegte Mann, Der (1994)",Comedy
693,Larger Than Life (1996),Comedy
694,Power 98 (1995),Action|Mystery|Thriller
695,"Very Brady Sequel, A (1996)",Comedy
696,Kaspar Hauser (1993),Drama
697,"Adventures of Pinocchio, The (1996)",Adventure|Children's
698,Joe's Apartment (1996),Comedy|Musical
699,"First Wives Club, The (1996)",Comedy
700,Stonewall (1995),Drama
701,Ransom (1996),Drama|Thriller
702,High School High (1996),Comedy
703,Foxfire (1996),Drama
704,Chain Reaction (1996),Action|Adventure|Thriller
705,Matilda (1996),Children's|Comedy
706,Emma (1996),Comedy|Drama|Romance
707,"Crow: City of Angels, The (1996)",Action|Thriller
708,House Arrest (1996),Comedy
709,Eyes Without a Face (1959),Horror
710,Tales from the Crypt Presents: Bordello of Blood (1996),Horror
711,"Story of Xinghua, The (1993)",Drama
712,Flirt (1995),Drama
713,"Big Squeeze, The (1996)",Comedy|Drama
714,"Spitfire Grill, The (1996)",Drama
715,Escape from L.A. (1996),Action|Adventure|Sci-Fi|Thriller
716,Cyclo (1995),Crime|Drama
717,Basquiat (1996),Drama
718,Tin Cup (1996),Comedy|Romance
719,"Ballad of Narayama, The (Narayama Bushiko) (1958)",Drama
720,"Godfather, The (1972)",Action|Crime|Drama
721,"Maybe, Maybe Not (Bewegte Mann, Der) (1994)",Comedy
722,Supercop (1992),Action|Thriller
723,Manny & Lo (1996),Drama
724,Celestial Clockwork (1994),Comedy
725,"Wife, The (1995)",Comedy|Drama
726,Bound (1996),Crime|Drama|Romance|Thriller
727,Carpool (1996),Comedy|Crime
728,Kansas City (1996),Crime
729,Gone Fishin' (1997),Comedy
730,Killer: A Journal of Murder (1995),Crime|Drama
731,Nothing to Lose (1994),Drama
732,Police Story 4: Project S (Chao ji ji hua) (1993),Action
733,Girls Town (1996),Drama
734,"Relic, The (1997)",Horror
735,"Island of Dr. Moreau, The (1996)",Sci-Fi|Thriller
736,First Kid (1996),Children's|Comedy
737,"Trigger Effect, The (1996)",Drama|Thriller
738,Bogus (1996),Children's|Drama|Fantasy
739,Bulletproof (1996),Action
740,Land Before Time III: The Time of the Great Giving (1995),Animation|Children's
741,Halloween: The Curse of Michael Myers (1995),Horror|Thriller
742,Twelfth Night (1996),Comedy|Drama|Romance
743,Mother Night (1996),Drama
744,Wild Reeds (1994),Drama
745,For Whom the Bell Tolls (1943),Adventure|War
746,"Philadelphia Story, The (1940)",Comedy|Romance
747,Singin' in the Rain (1952),Musical|Romance
748,"American in Paris, An (1951)",Musical|Romance
749,Funny Face (1957),Comedy|Musical
750,Breakfast at Tiffany's (1961),Drama|Romance
751,Vertigo (1958),Mystery|Thriller
752,Rear Window (1954),Mystery|Thriller
753,It Happened One Night (1934),Comedy
754,Gaslight (1944),Mystery|Thriller
755,"Gay Divorcee, The (1934)",Comedy|Musical|Romance
756,North by Northwest (1959),Drama|Thriller
757,"Apartment, The (1960)",Comedy|Drama
758,Some Like It Hot (1959),Comedy|Crime
759,Charade (1963),Comedy|Mystery|Romance|Thriller
760,Casablanca (1942),Drama|Romance|War
761,"Maltese Falcon, The (1941)",Film-Noir|Mystery
762,My Fair Lady (1964),Musical|Romance
763,Sabrina (1954),Comedy|Romance
764,Roman Holiday (1953),Comedy|Romance
765,"Little Princess, The (1939)",Children's|Drama
766,Meet Me in St. Louis (1944),Musical
767,"Wizard of Oz, The (1939)",Adventure|Children's|Drama|Musical
768,Gone with the Wind (1939),Drama|Romance|War
769,My Favorite Year (1982),Comedy
770,Sunset Blvd. (a.k.a. Sunset Boulevard) (1950),Film-Noir
771,Citizen Kane (1941),Drama
772,2001: A Space Odyssey (1968),Drama|Mystery|Sci-Fi|Thriller
773,Golden Earrings (1947),Adventure|Romance
774,All About Eve (1950),Drama
775,"Women, The (1939)",Comedy
776,Rebecca (1940),Romance|Thriller
777,Foreign Correspondent (1940),Thriller
778,Notorious (1946),Film-Noir|Romance|Thriller
779,Spellbound (1945),Mystery|Romance|Thriller
780,"Affair to Remember, An (1957)",Romance
781,To Catch a Thief (1955),Comedy|Romance|Thriller
782,Father of the Bride (1950),Comedy
783,"Band Wagon, The (1953)",Comedy|Musical
784,Ninotchka (1939),Comedy|Romance
785,Love in the Afternoon (1957),Comedy|Romance
786,Gigi (1958),Musical
787,"Reluctant Debutante, The (1958)",Comedy|Drama
788,"Adventures of Robin Hood, The (1938)",Action|Adventure
789,"Mark of Zorro, The (1940)",Adventure
790,Laura (1944),Crime|Film-Noir|Mystery
791,"Ghost and Mrs. Muir, The (1947)",Drama|Romance
792,Lost Horizon (1937),Drama
793,Top Hat (1935),Comedy|Musical|Romance
794,To Be or Not to Be (1942),Comedy|Drama|War
795,My Man Godfrey (1936),Comedy
796,Giant (1956),Drama
797,East of Eden (1955),Drama
798,"Thin Man, The (1934)",Mystery
799,His Girl Friday (1940),Comedy
800,Around the World in 80 Days (1956),Adventure|Comedy
801,It's a Wonderful Life (1946),Drama
802,Mr. Smith Goes to Washington (1939),Drama
803,Bringing Up Baby (1938),Comedy
804,Penny Serenade (1941),Drama|Romance
805,"Scarlet Letter, The (1926)",Drama
806,Lady of Burlesque (1943),Comedy|Mystery
807,Of Human Bondage (1934),Drama
808,Angel on My Shoulder (1946),Crime|Drama
809,Little Lord Fauntleroy (1936),Drama
810,They Made Me a Criminal (1939),Crime|Drama
811,"Inspector General, The (1949)",Musical
812,Angel and the Badman (1947),Western
813,"39 Steps, The (1935)",Thriller
814,"Walk in the Sun, A (1945)",Drama
815,"Outlaw, The (1943)",Western
816,Night of the Living Dead (1968),Horror|Sci-Fi
817,"African Queen, The (1951)",Action|Adventure|Romance|War
818,Beat the Devil (1954),Comedy|Drama
819,Cat on a Hot Tin Roof (1958),Drama
820,"Last Time I Saw Paris, The (1954)",Drama
821,Meet John Doe (1941),Drama
822,Algiers (1938),Drama|Romance
823,"Farewell to Arms, A (1932)",Romance|War
824,"Blue Angel, The (Blaue Engel, Der) (1930)",Drama
825,In the Line of Duty 2 (1987),Action
826,Picnic (1955),Drama
827,"Pompatus of Love, The (1996)",Comedy|Drama
828,Fly Away Home (1996),Adventure|Children's
829,Bliss (1997),Drama|Romance
830,Grace of My Heart (1996),Comedy|Drama
831,Maximum Risk (1996),Action|Adventure|Thriller
832,Michael Collins (1996),Drama|War
833,"Rich Man's Wife, The (1996)",Thriller
834,Infinity (1996),Drama
835,Big Night (1996),Drama
836,Last Man Standing (1996),Action|Drama|Western
837,Caught (1996),Drama|Thriller
838,Set It Off (1996),Action|Crime
839,2 Days in the Valley (1996),Crime
840,Curdled (1996),Crime
841,Ed's Next Move (1996),Comedy
842,Extreme Measures (1996),Drama|Thriller
843,"Glimmer Man, The (1996)",Action|Thriller
844,D3: The Mighty Ducks (1996),Children's|Comedy
845,"Chamber, The (1996)",Drama
846,"Apple Dumpling Gang, The (1975)",Children's|Comedy|Western
847,"Davy Crockett, King of the Wild Frontier (1955)",Western
848,Escape to Witch Mountain (1975),Adventure|Children's|Fantasy
849,"Love Bug, The (1969)",Children's|Comedy
850,Herbie Rides Again (1974),Adventure|Children's|Comedy
851,Old Yeller (1957),Children's|Drama
852,"Parent Trap, The (1961)",Children's|Drama
853,Pollyanna (1960),Children's|Comedy|Drama
854,Homeward Bound: The Incredible Journey (1993),Adventure|Children's
855,"Shaggy Dog, The (1959)",Children's|Comedy
856,Swiss Family Robinson (1960),Adventure|Children's
857,That Darn Cat! (1965),Children's|Comedy|Mystery
858,"20,000 Leagues Under the Sea (1954)",Adventure|Children's|Fantasy|Sci-Fi
859,Cool Runnings (1993),Comedy
860,Angels in the Outfield (1994),Children's|Comedy
861,Cinderella (1950),Animation|Children's|Musical
862,Winnie the Pooh and the Blustery Day (1968),Animation|Children's
863,"Three Caballeros, The (1945)",Animation|Children's|Musical
864,"Sword in the Stone, The (1963)",Animation|Children's
865,So Dear to My Heart (1949),Children's|Drama
866,Robin Hood: Prince of Thieves (1991),Drama
867,Mary Poppins (1964),Children's|Comedy|Musical
868,Dumbo (1941),Animation|Children's|Musical
869,Pete's Dragon (1977),Adventure|Animation|Children's|Musical
870,Bedknobs and Broomsticks (1971),Adventure|Children's|Musical
871,Alice in Wonderland (1951),Animation|Children's|Musical
872,"Fox and the Hound, The (1981)",Animation|Children's
873,Freeway (1996),Crime
874,"Sound of Music, The (1965)",Musical
875,Die Hard (1988),Action|Thriller
876,"Lawnmower Man, The (1992)",Action|Sci-Fi|Thriller
877,Unhook the Stars (1996),Drama
878,"Secret Agent, The (1996)",Drama
879,Secrets & Lies (1996),Drama
880,That Thing You Do! (1996),Comedy
881,To Gillian on Her 37th Birthday (1996),Drama|Romance
882,Surviving Picasso (1996),Drama
883,Beautiful Thing (1996),Drama|Romance
884,"Long Kiss Goodnight, The (1996)",Action|Thriller
885,"Ghost and the Darkness, The (1996)",Action|Adventure
886,Looking for Richard (1996),Documentary|Drama
887,Trees Lounge (1996),Drama
888,Normal Life (1996),Crime|Drama
889,Get on the Bus (1996),Drama
890,Shadow Conspiracy (1997),Thriller
891,Jude (1996),Drama
892,Everyone Says I Love You (1996),Comedy|Musical|Romance
893,Bitter Sugar (Azucar Amargo) (1996),Drama
894,William Shakespeare's Romeo and Juliet (1996),Drama|Romance
895,Swingers (1996),Comedy|Drama
896,Sleepers (1996),Crime|Drama
897,Johns (1996),Drama
898,Aladdin and the King of Thieves (1996),Animation|Children's|Comedy
899,Shall We Dance? (1937),Comedy|Musical|Romance
900,"Damsel in Distress, A (1937)",Comedy|Musical|Romance
901,Crossfire (1947),Crime|Film-Noir
902,"Murder, My Sweet (1944)",Film-Noir|Thriller
903,For the Moment (1994),Romance|War
904,Willy Wonka and the Chocolate Factory (1971),Adventure|Children's|Comedy|Fantasy
905,"Innocents, The (1961)",Thriller
906,Sleeper (1973),Comedy|Sci-Fi
907,Bananas (1971),Comedy|War
908,"Fish Called Wanda, A (1988)",Comedy
909,Monty Python's Life of Brian (1979),Comedy
910,Victor/Victoria (1982),Comedy|Musical
911,"Candidate, The (1972)",Drama
912,"Great Race, The (1965)",Comedy|Musical
913,Bonnie and Clyde (1967),Crime|Drama
914,"Old Man and the Sea, The (1958)",Adventure|Drama
915,Dial M for Murder (1954),Mystery|Thriller
916,Madame Butterfly (1995),Musical
917,Dirty Dancing (1987),Musical|Romance
918,Reservoir Dogs (1992),Crime|Thriller
919,Platoon (1986),Drama|War
920,Weekend at Bernie's (1989),Comedy
921,Basic Instinct (1992),Mystery|Thriller
922,"Doors, The (1991)",Drama|Musical
923,"Crying Game, The (1992)",Drama|Romance|War
924,Glengarry Glen Ross (1992),Drama
925,Sophie's Choice (1982),Drama
926,E.T. the Extra-Terrestrial (1982),Children's|Drama|Fantasy|Sci-Fi
927,"Search for One-eye Jimmy, The (1996)",Comedy
928,"Christmas Carol, A (1938)",Drama
929,Days of Thunder (1990),Action|Romance
930,Top Gun (1986),Action|Romance
931,Rebel Without a Cause (1955),Drama
932,"Streetcar Named Desire, A (1951)",Drama
933,Children of the Corn IV: The Gathering (1996),Horror
934,Microcosmos (Microcosmos: Le peuple de l'herbe) (1996),Documentary
935,Palookaville (1996),Action|Drama
936,"Associate, The (1996)",Comedy
937,"Funeral, The (1996)",Drama
938,"Single Girl, A (La Fille Seule) (1995)",Drama
939,"Eighth Day, The (Le Huitième jour ) (1996)",Drama
940,Drunks (1997),Drama
941,"People vs. Larry Flynt, The (1996)",Drama
942,Glory Daze (1996),Drama
943,"Perfect Candidate, A (1996)",Documentary
944,On Golden Pond (1981),Drama
945,"Return of the Pink Panther, The (1974)",Comedy
946,Drop Dead Fred (1991),Comedy|Fantasy
947,"Abyss, The (1989)",Action|Adventure|Sci-Fi|Thriller
948,"Fog, The (1980)",Horror
949,Escape from New York (1981),Action|Adventure|Sci-Fi|Thriller
950,"Howling, The (1980)",Horror
951,Jean de Florette (1986),Drama
952,Manon of the Spring (Manon des sources) (1986),Drama
953,Private Benjamin (1980),Comedy
954,Monty Python and the Holy Grail (1974),Comedy
955,Dadetown (1995),Documentary
956,"Line King: Al Hirschfeld, The (1996)",Documentary
957,When We Were Kings (1996),Documentary
958,"Wrong Trousers, The (1993)",Animation|Comedy
959,"Return of Martin Guerre, The (Retour de Martin Guerre, Le) (1982)",Drama
960,Faust (1994),Animation|Comedy|Thriller
961,He Walked by Night (1948),Crime|Film-Noir|Thriller
962,Raw Deal (1948),Film-Noir
963,T-Men (1947),Film-Noir
964,Six of a Kind (1934),Comedy
965,"Tin Drum, The (Blechtrommel, Die) (1979)",Drama
966,"Ruling Class, The (1972)",Comedy
967,Mina Tannenbaum (1994),Drama
968,Two or Three Things I Know About Her (1966),Drama
969,Dear God (1996),Comedy
970,Bad Moon (1996),Horror
971,American Dream (1990),Documentary
972,Best of the Best 3: No Turning Back (1995),Action
973,Bob Roberts (1992),Comedy
974,Cinema Paradiso (1988),Comedy|Drama|Romance
975,"Cook the Thief His Wife & Her Lover, The (1989)",Drama
976,Grosse Fatigue (1994),Comedy
977,Delicatessen (1991),Comedy|Sci-Fi
978,"Double Life of Veronique, The (La Double Vie de Véronique) (1991)",Drama
979,Enchanted April (1991),Drama
980,Paths of Glory (1957),Drama|War
981,"Grifters, The (1990)",Crime|Drama|Film-Noir
982,Hear My Song (1991),Comedy
983,"Shooter, The (1995)",Action
984,"English Patient, The (1996)",Drama|Romance|War
985,Mediterraneo (1991),Comedy|War
986,My Left Foot (1989),Drama
987,"Sex, Lies, and Videotape (1989)",Drama
988,Passion Fish (1992),Drama
989,Strictly Ballroom (1992),Comedy|Romance
990,"Thin Blue Line, The (1988)",Documentary
991,Tie Me Up! Tie Me Down! (1990),Drama
992,Madonna: Truth or Dare (1991),Documentary
993,Paris Is Burning (1990),Documentary
994,One Flew Over the Cuckoo's Nest (1975),Drama
995,Up in Smoke (1978),Comedy
996,Star Wars: Episode V - The Empire Strikes Back (1980),Action|Adventure|Drama|Sci-Fi|War
997,"Princess Bride, The (1987)",Action|Adventure|Comedy|Romance
998,Raiders of the Lost Ark (1981),Action|Adventure
999,Brazil (1985),Sci-Fi
1000,Aliens (1986),Action|Sci-Fi|Thriller|War
1001,"Good, The Bad and The Ugly, The (1966)",Action|Western
1002,Withnail and I (1987),Comedy
1003,12 Angry Men (1957),Drama
1004,Lawrence of Arabia (1962),Adventure|War
1005,"Transformers: The Movie, The (1986)",Action|Animation|Children's|Sci-Fi|Thriller|War
1006,"Clockwork Orange, A (1971)",Sci-Fi
1007,To Kill a Mockingbird (1962),Drama
1008,Apocalypse Now (1979),Drama|War
1009,Once Upon a Time in the West (1969),Western
1010,Star Wars: Episode VI - Return of the Jedi (1983),Action|Adventure|Romance|Sci-Fi|War
1011,Wings of Desire (Der Himmel über Berlin) (1987),Comedy|Drama|Romance
1012,"Third Man, The (1949)",Mystery|Thriller
1013,GoodFellas (1990),Crime|Drama
1014,Alien (1979),Action|Horror|Sci-Fi|Thriller
1015,Army of Darkness (1993),Action|Adventure|Comedy|Horror|Sci-Fi
1016,"Big Blue, The (Le Grand Bleu) (1988)",Adventure|Romance
1017,Ran (1985),Drama|War
1018,"Killer, The (Die xue shuang xiong) (1989)",Action|Thriller
1019,Psycho (1960),Horror|Thriller
1020,"Blues Brothers, The (1980)",Action|Comedy|Musical
1021,"Godfather: Part II, The (1974)",Action|Crime|Drama
1022,Full Metal Jacket (1987),Action|Drama|War
1023,"Grand Day Out, A (1992)",Animation|Comedy
1024,Henry V (1989),Drama|War
1025,Amadeus (1984),Drama
1026,"Quiet Man, The (1952)",Comedy|Romance
1027,Once Upon a Time in America (1984),Crime|Drama|Thriller
1028,Raging Bull (1980),Drama
1029,Annie Hall (1977),Comedy|Romance
1030,"Right Stuff, The (1983)",Drama
1031,Stalker (1979),Mystery|Sci-Fi
1032,"Boat, The (Das Boot) (1981)",Action|Drama|War
1033,"Sting, The (1973)",Comedy|Crime
1034,Harold and Maude (1971),Comedy
1035,Trust (1990),Comedy|Drama
1036,"Seventh Seal, The (Sjunde inseglet, Det) (1957)",Drama
1037,Local Hero (1983),Comedy
1038,"Terminator, The (1984)",Action|Sci-Fi|Thriller
1039,Braindead (1992),Comedy|Horror
1040,Glory (1989),Action|Drama|War
1041,Rosencrantz and Guildenstern Are Dead (1990),Comedy|Drama
1042,Manhattan (1979),Comedy|Drama|Romance
1043,Miller's Crossing (1990),Drama
1044,Dead Poets Society (1989),Drama
1045,"Graduate, The (1967)",Drama|Romance
1046,Touch of Evil (1958),Crime|Film-Noir|Thriller
1047,Nikita (La Femme Nikita) (1990),Thriller
1048,"Bridge on the River Kwai, The (1957)",Drama|War
1049,8 1/2 (1963),Drama
1050,Chinatown (1974),Film-Noir|Mystery|Thriller
1051,"Day the Earth Stood Still, The (1951)",Drama|Sci-Fi
1052,"Treasure of the Sierra Madre, The (1948)",Adventure
1053,Bad Taste (1987),Comedy|Horror
1054,Duck Soup (1933),Comedy|War
1055,Better Off Dead... (1985),Comedy
1056,"Shining, The (1980)",Horror
1057,Stand by Me (1986),Adventure|Comedy|Drama
1058,M (1931),Crime|Film-Noir|Thriller
1059,Evil Dead II (Dead By Dawn) (1987),Action|Adventure|Comedy|Horror
1060,"Great Escape, The (1963)",Adventure|War
1061,"Deer Hunter, The (1978)",Drama|War
1062,Diva (1981),Action|Drama|Mystery|Romance|Thriller
1063,Groundhog Day (1993),Comedy|Romance
1064,Unforgiven (1992),Western
1065,"Manchurian Candidate, The (1962)",Film-Noir|Thriller
1066,Pump Up the Volume (1990),Drama
1067,Arsenic and Old Lace (1944),Comedy|Mystery|Thriller
1068,Back to the Future (1985),Comedy|Sci-Fi
1069,Fried Green Tomatoes (1991),Drama
1070,Patton (1970),Drama|War
1071,Down by Law (1986),Comedy|Drama
1072,Akira (1988),Adventure|Animation|Sci-Fi|Thriller
1073,Highlander (1986),Action|Adventure
1074,Cool Hand Luke (1967),Comedy|Drama
1075,Cyrano de Bergerac (1990),Action|Drama|Romance
1076,Young Frankenstein (1974),Comedy|Horror
1077,Night on Earth (1991),Comedy|Drama
1078,Raise the Red Lantern (1991),Drama
1079,"Great Dictator, The (1940)",Comedy
1080,Fantasia (1940),Animation|Children's|Musical
1081,High Noon (1952),Western
1082,"Big Sleep, The (1946)",Film-Noir|Mystery
1083,Heathers (1989),Comedy
1084,Somewhere in Time (1980),Drama|Romance
1085,Ben-Hur (1959),Action|Adventure|Drama
1086,This Is Spinal Tap (1984),Comedy|Drama|Musical
1087,Koyaanisqatsi (1983),Documentary|War
1088,Some Kind of Wonderful (1987),Drama|Romance
1089,Indiana Jones and the Last Crusade (1989),Action|Adventure
1090,Being There (1979),Comedy
1091,Gandhi (1982),Drama
1092,M*A*S*H (1970),Comedy|War
1093,"Unbearable Lightness of Being, The (1988)",Drama
1094,"Room with a View, A (1986)",Drama|Romance
1095,Real Genius (1985),Comedy
1096,Pink Floyd - The Wall (1982),Drama|Musical|War
1097,"Killing Fields, The (1984)",Drama|War
1098,My Life as a Dog (Mitt liv som hund) (1985),Drama
1099,Forbidden Planet (1956),Sci-Fi
1100,Field of Dreams (1989),Drama
1101,"Man Who Would Be King, The (1975)",Adventure
1102,Butch Cassidy and the Sundance Kid (1969),Action|Comedy|Western
1103,"Paris, Texas (1984)",Drama
1104,Until the End of the World (Bis ans Ende der Welt) (1991),Drama|Sci-Fi
1105,When Harry Met Sally... (1989),Comedy|Romance
1106,Hype! (1996),Documentary
1107,Santa with Muscles (1996),Comedy
1108,Female Perversions (1996),Drama
1109,Mad Dog Time (1996),Crime
1110,I'm Not Rappaport (1996),Comedy
1111,Alien³ (1992),Action|Horror|Sci-Fi|Thriller
1112,"American Werewolf in London, An (1981)",Horror
1113,Amityville 1992: It's About Time (1992),Horror
1114,Amityville 3-D (1983),Horror
1115,Amityville: Dollhouse (1996),Horror
1116,Amityville: A New Generation (1993),Horror
1117,Amityville II: The Possession (1982),Horror
1118,"Amityville Horror, The (1979)",Horror
1119,"Amityville Curse, The (1990)",Horror
1120,Blood For Dracula (Andy Warhol's Dracula) (1974),Horror
1121,April Fool's Day (1986),Comedy|Horror
1122,Audrey Rose (1977),Horror
1123,"Believers, The (1987)",Horror|Thriller
1124,"Birds, The (1963)",Horror
1125,"Blob, The (1958)",Horror|Sci-Fi
1126,Blood Beach (1981),Action|Horror
1127,Body Parts (1991),Horror
1128,"Body Snatcher, The (1945)",Horror
1129,Bram Stoker's Dracula (1992),Horror|Romance
1130,Bride of Frankenstein (1935),Horror
1131,Burnt Offerings (1976),Horror
1132,Candyman (1992),Horror
1133,Cape Fear (1991),Thriller
1134,Cape Fear (1962),Film-Noir|Thriller
1135,Carrie (1976),Horror
1136,Cat People (1982),Horror
1137,"Nightmare on Elm Street, A (1984)",Horror
1138,"Nosferatu (Nosferatu, eine Symphonie des Grauens) (1922)",Horror
1139,Nosferatu a Venezia (1986),Horror
1140,"Omen, The (1976)",Horror
1141,Blood & Wine (1997),Drama
1142,Albino Alligator (1996),Crime|Thriller
1143,"Mirror Has Two Faces, The (1996)",Comedy|Romance
1144,Breaking the Waves (1996),Drama
1145,Nightwatch (1997),Horror|Thriller
1146,Star Trek: First Contact (1996),Action|Adventure|Sci-Fi
1147,Shine (1996),Drama|Romance
1148,Sling Blade (1996),Drama|Thriller
1149,Jingle All the Way (1996),Adventure|Children's|Comedy
1150,Paradise Lost: The Child Murders at Robin Hood Hills (1996),Documentary
1151,"Garden of Finzi-Contini, The (Giardino dei Finzi-Contini, Il) (1970)",Drama
1152,"Preacher's Wife, The (1996)",Drama
1153,Ridicule (1996),Drama
1154,"Crucible, The (1996)",Drama
1155,101 Dalmatians (1996),Children's|Comedy
1156,I Can't Sleep (J'ai pas sommeil) (1994),Drama|Thriller
1157,Die Hard 2 (1990),Action|Thriller
1158,Star Trek: The Motion Picture (1979),Action|Adventure|Sci-Fi
1159,Star Trek VI: The Undiscovered Country (1991),Action|Adventure|Sci-Fi
1160,Star Trek V: The Final Frontier (1989),Action|Adventure|Sci-Fi
1161,Star Trek: The Wrath of Khan (1982),Action|Adventure|Sci-Fi
1162,Star Trek III: The Search for Spock (1984),Action|Adventure|Sci-Fi
1163,Star Trek IV: The Voyage Home (1986),Action|Adventure|Sci-Fi
1164,Batman Returns (1992),Action|Adventure|Comedy|Crime
1165,Young Guns (1988),Action|Comedy|Western
1166,Young Guns II (1990),Action|Comedy|Western
1167,Grease (1978),Comedy|Musical|Romance
1168,Grease 2 (1982),Comedy|Musical|Romance
1169,Marked for Death (1990),Action|Drama
1170,Adrenalin: Fear the Rush (1996),Action|Sci-Fi
1171,"Substance of Fire, The (1996)",Drama
1172,Under Siege (1992),Action
1173,Jaws (1975),Action|Horror
1174,Jaws 2 (1978),Action|Horror
1175,Jaws 3-D (1983),Action|Horror
1176,My Fellow Americans (1996),Comedy
1177,Mars Attacks! (1996),Action|Comedy|Sci-Fi|War
1178,Citizen Ruth (1996),Comedy|Drama
1179,Jerry Maguire (1996),Drama|Romance
1180,Raising Arizona (1987),Comedy
1181,Tin Men (1987),Comedy|Drama
1182,Sneakers (1992),Crime|Drama|Sci-Fi
1183,Bastard Out of Carolina (1996),Drama
1184,In Love and War (1996),Romance|War
1185,Marvin's Room (1996),Drama
1186,Ghosts of Mississippi (1996),Drama
1187,Night Falls on Manhattan (1997),Crime|Drama
1188,Beavis and Butt-head Do America (1996),Animation|Comedy
1189,"Cérémonie, La (1995)",Drama
1190,Scream (1996),Horror|Thriller
1191,"Last of the Mohicans, The (1992)",Action|Romance|War
1192,Michael (1996),Comedy|Romance
1193,"Evening Star, The (1996)",Comedy|Drama
1194,Hamlet (1996),Drama
1195,Some Mother's Son (1996),Drama
1196,"Whole Wide World, The (1996)",Drama
1197,Mother (1996),Comedy
1198,"Thieves (Voleurs, Les) (1996)",Crime|Drama|Romance
1199,Evita (1996),Drama|Musical
1200,"Portrait of a Lady, The (1996)",Drama
1201,Walkabout (1971),Drama
1202,Message to Love: The Isle of Wight Festival (1996),Documentary
1203,Grateful Dead (1995),Documentary
1204,Murder at 1600 (1997),Mystery|Thriller
1205,Hearts and Minds (1996),Drama
1206,Fierce Creatures (1997),Comedy
1207,Zeus and Roxanne (1997),Children's
1208,Turbulence (1997),Thriller
1209,Angel Baby (1995),Drama
1210,Jackie Chan's First Strike (1996),Action
1211,Beverly Hills Ninja (1997),Action|Comedy
1212,Metro (1997),Action
1213,"Machine, The (1994)",Comedy|Horror
1214,Falling in Love Again (1980),Comedy
1215,"Cement Garden, The (1993)",Drama
1216,Dante's Peak (1997),Action|Thriller
1217,Meet Wally Sparks (1997),Comedy
1218,Amos & Andrew (1993),Comedy
1219,Benny & Joon (1993),Comedy|Romance
1220,Prefontaine (1997),Drama
1221,Guantanamera (1994),Comedy
1222,McHale's Navy (1997),Comedy|War
1223,Kolya (1996),Comedy
1224,Gridlock'd (1997),Crime
1225,Waiting for Guffman (1996),Comedy
1226,Prisoner of the Mountains (Kavkazsky Plennik) (1996),War
1227,"Beautician and the Beast, The (1997)",Comedy|Romance
1228,SubUrbia (1997),Comedy
1229,Hotel de Love (1996),Comedy|Romance
1230,"Pest, The (1997)",Comedy
1231,Fools Rush In (1997),Comedy|Romance
1232,Touch (1997),Romance
1233,Absolute Power (1997),Mystery|Thriller
1234,That Darn Cat! (1997),Children's|Comedy|Mystery
1235,Vegas Vacation (1997),Comedy
1236,That Old Feeling (1997),Comedy|Romance
1237,Lost Highway (1997),Mystery
1238,Rosewood (1997),Drama
1239,Donnie Brasco (1997),Crime|Drama
1240,Booty Call (1997),Comedy|Romance
1241,Boys Life 2 (1997),Drama
1242,City of Industry (1997),Crime|Thriller
1243,Best Men (1997),Action|Comedy|Crime|Drama
1244,Jungle2Jungle (a.k.a. Jungle 2 Jungle) (1997),Children's|Comedy
1245,Kama Sutra: A Tale of Love (1996),Romance
1246,Private Parts (1997),Comedy|Drama
1247,Love Jones (1997),Romance
1248,"Saint, The (1997)",Action|Romance|Thriller
1249,Smilla's Sense of Snow (1997),Action|Drama|Thriller
1250,"Van, The (1996)",Comedy|Drama
1251,Crash (1996),Drama|Thriller
1252,"Daytrippers, The (1996)",Mystery
1253,Liar Liar (1997),Comedy
1254,"Quiet Room, The (1996)",Drama
1255,Selena (1997),Drama|Musical
1256,"Devil's Own, The (1997)",Action|Drama|Thriller|War
1257,Cats Don't Dance (1997),Animation|Children's|Musical
1258,B*A*P*S (1997),Comedy
1259,Love and Other Catastrophes (1996),Romance
1260,"Sixth Man, The (1997)",Comedy
1261,Turbo: A Power Rangers Movie (1997),Action|Adventure|Children's
1262,Anna Karenina (1997),Drama|Romance
1263,Double Team (1997),Action
1264,Inventing the Abbotts (1997),Drama|Romance
1265,Anaconda (1997),Action|Adventure|Thriller
1266,Grosse Pointe Blank (1997),Comedy|Crime
1267,Keys to Tulsa (1997),Crime
1268,Kissed (1996),Romance
1269,8 Heads in a Duffel Bag (1997),Comedy
1270,Hollow Reed (1996),Drama
1271,Paradise Road (1997),Drama|War
1272,Traveller (1997),Drama
1273,All Over Me (1997),Drama
1274,A Chef in Love (1996),Comedy
1275,Romy and Michele's High School Reunion (1997),Comedy
1276,Temptress Moon (Feng Yue) (1996),Romance
1277,Volcano (1997),Drama|Thriller
1278,Children of the Revolution (1996),Comedy
1279,Austin Powers: International Man of Mystery (1997),Comedy
1280,Breakdown (1997),Action|Thriller
1281,Broken English (1996),Drama
1282,Commandments (1997),Romance
1283,Ripe (1996),Drama
1284,"Truth or Consequences, N.M. (1997)",Action|Crime|Romance
1285,Warriors of Virtue (1997),Action|Adventure|Children's|Fantasy
1286,Fathers' Day (1997),Comedy
1287,"Fifth Element, The (1997)",Action|Sci-Fi
1288,Nowhere (1997),Drama
1289,Losing Chase (1996),Drama
1290,Sprung (1997),Comedy
1291,"Promise, The (La Promesse) (1996)",Drama
1292,"Bonheur, Le (1965)",Drama
1293,Love! Valour! Compassion! (1997),Drama|Romance
1294,Shall We Dance? (Shall We Dansu?) (1996),Comedy
1295,"Second Jungle Book: Mowgli & Baloo, The (1997)",Adventure|Children's
1296,Twin Town (1997),Comedy|Crime
1297,Addicted to Love (1997),Comedy|Romance
1298,Brassed Off (1996),Comedy|Drama|Romance
1299,"Designated Mourner, The (1997)",Drama
1300,"Lost World: Jurassic Park, The (1997)",Action|Adventure|Sci-Fi|Thriller
1301,Ponette (1996),Drama
1302,Schizopolis (1996),Comedy
1303,Shiloh (1997),Children's|Drama
1304,Rough Magic (1995),Drama|Romance
1305,Trial and Error (1997),Comedy|Romance
1306,Buddy (1997),Adventure|Children's|Drama
1307,Con Air (1997),Action|Adventure|Thriller
1308,"Pillow Book, The (1995)",Drama|Romance
1309,Speed 2: Cruise Control (1997),Action|Romance|Thriller
1310,Batman & Robin (1997),Action|Adventure|Crime
1311,Dream With the Fishes (1997),Drama
1312,Roseanna's Grave (For Roseanna) (1997),Comedy|Romance
1313,Head Above Water (1996),Comedy|Thriller
1314,Hercules (1997),Adventure|Animation|Children's|Comedy|Musical
1315,"Last Time I Committed Suicide, The (1997)",Drama
1316,My Best Friend's Wedding (1997),Comedy|Romance
1317,Tetsuo II: Body Hammer (1992),Sci-Fi
1318,When the Cats Away (Chacun cherche son chat) (1996),Comedy|Romance
1319,Contempt (Le Mépris) (1963),Drama
1320,Face/Off (1997),Action|Sci-Fi|Thriller
1321,Fall (1997),Romance
1322,Gabbeh (1996),Drama
1323,Men in Black (1997),Action|Adventure|Comedy|Sci-Fi
1324,Out to Sea (1997),Comedy
1325,Wild America (1997),Adventure|Children's
1326,"Simple Wish, A (1997)",Children's|Fantasy
1327,Contact (1997),Drama|Sci-Fi
1328,Love Serenade (1996),Comedy
1329,G.I. Jane (1997),Action|Drama|War
1330,Conan the Barbarian (1982),Action|Adventure
1331,George of the Jungle (1997),Children's|Comedy
1332,Cop Land (1997),Crime|Drama|Mystery
1333,Event Horizon (1997),Action|Mystery|Sci-Fi|Thriller
1334,Spawn (1997),Action|Adventure|Sci-Fi|Thriller
1335,Air Bud (1997),Children's|Comedy
1336,Picture Perfect (1997),Comedy|Romance
1337,In the Company of Men (1997),Drama
1338,Free Willy 3: The Rescue (1997),Adventure|Children's|Drama
1339,Career Girls (1997),Drama
1340,Conspiracy Theory (1997),Action|Mystery|Romance|Thriller
1341,Desperate Measures (1998),Crime|Drama|Thriller
1342,Steel (1997),Action
1343,She's So Lovely (1997),Drama|Romance
1344,Hoodlum (1997),Crime|Drama|Film-Noir
1345,Leave It to Beaver (1997),Comedy
1346,Mimic (1997),Sci-Fi|Thriller
1347,Money Talks (1997),Action|Comedy
1348,Excess Baggage (1997),Adventure|Romance
1349,Kull the Conqueror (1997),Action|Adventure
1350,Air Force One (1997),Action|Thriller
1351,187 (1997),Drama
1352,"Hunt for Red October, The (1990)",Action|Thriller
1353,My Own Private Idaho (1991),Drama
1354,"Kiss Me, Guido (1997)",Comedy
1355,Star Maps (1997),Drama
1356,In & Out (1997),Comedy
1357,"Edge, The (1997)",Adventure|Thriller
1358,"Peacemaker, The (1997)",Action|Thriller|War
1359,L.A. Confidential (1997),Crime|Film-Noir|Mystery|Thriller
1360,Seven Years in Tibet (1997),Drama|War
1361,Kiss the Girls (1997),Crime|Drama|Thriller
1362,Soul Food (1997),Drama
1363,Kicked in the Head (1997),Comedy|Drama
1364,Wishmaster (1997),Horror
1365,"Thousand Acres, A (1997)",Drama
1366,"Game, The (1997)",Mystery|Thriller
1367,Fire Down Below (1997),Action|Drama|Thriller
1368,U Turn (1997),Action|Crime|Mystery
1369,"MatchMaker, The (1997)",Comedy|Romance
1370,"Assignment, The (1997)",Thriller
1371,"Smile Like Yours, A (1997)",Comedy|Romance
1372,Ulee's Gold (1997),Drama
1373,"Ice Storm, The (1997)",Drama
1374,Stag (1997),Action|Thriller
1375,Chasing Amy (1997),Drama|Romance
1376,How to Be a Player (1997),Comedy
1377,"Full Monty, The (1997)",Comedy
1378,Indian Summer (a.k.a. Alive & Kicking) (1996),Comedy|Drama
1379,"Mrs. Brown (Her Majesty, Mrs. Brown) (1997)",Drama|Romance
1380,I Know What You Did Last Summer (1997),Horror|Mystery|Thriller
1381,"Devil's Advocate, The (1997)",Crime|Horror|Mystery|Thriller
1382,Rocket Man (1997),Comedy
1383,Playing God (1997),Crime|Thriller
1384,"House of Yes, The (1997)",Comedy|Drama|Thriller
1385,"Fast, Cheap & Out of Control (1997)",Documentary
1386,Washington Square (1997),Drama
1387,Telling Lies in America (1997),Drama
1388,Gattaca (1997),Drama|Sci-Fi|Thriller
1389,FairyTale: A True Story (1997),Children's|Drama|Fantasy
1390,Phantoms (1998),Horror
1391,Swept from the Sea (1997),Romance
1392,Wonderland (1997),Documentary
1393,"Life Less Ordinary, A (1997)",Romance|Thriller
1394,Hurricane Streets (1998),Drama
1395,Eve's Bayou (1997),Drama
1396,Switchback (1997),Thriller
1397,Gang Related (1997),Crime
1398,Stripes (1981),Comedy
1399,Nénette et Boni (1996),Drama
1400,Bean (1997),Comedy
1401,Hugo Pool (1997),Romance
1402,Mad City (1997),Action|Drama
1403,One Night Stand (1997),Drama
1404,"Tango Lesson, The (1997)",Romance
1405,Welcome To Sarajevo (1997),Drama|War
1406,Deceiver (1997),Crime
1407,"Rainmaker, The (1997)",Drama
1408,Boogie Nights (1997),Drama
1409,Witness (1985),Drama|Romance|Thriller
1410,Incognito (1997),Crime|Thriller
1411,Starship Troopers (1997),Action|Adventure|Sci-Fi|War
1412,Critical Care (1997),Comedy
1413,"Joy Luck Club, The (1993)",Drama
1414,Chairman of the Board (1998),Comedy
1415,Sliding Doors (1998),Drama|Romance
1416,Mortal Kombat: Annihilation (1997),Action|Adventure
1417,"Truman Show, The (1998)",Drama
1418,"Wings of the Dove, The (1997)",Drama|Romance|Thriller
1419,Mrs. Dalloway (1997),Romance
1420,"I Love You, I Love You Not (1996)",Romance
1421,Red Corner (1997),Crime|Thriller
1422,"Jackal, The (1997)",Action|Thriller
1423,Anastasia (1997),Animation|Children's|Musical
1424,"Man Who Knew Too Little, The (1997)",Comedy|Mystery
1425,Alien: Resurrection (1997),Action|Horror|Sci-Fi
1426,Alien Escape (1995),Horror|Sci-Fi
1427,Amistad (1997),Drama
1428,"Apostle, The (1997)",Drama
1429,Artemisia (1997),Drama
1430,Bent (1997),Drama|War
1431,"Butcher Boy, The (1998)",Drama
1432,Deconstructing Harry (1997),Comedy|Drama
1433,Flubber (1997),Children's|Comedy|Fantasy
1434,For Richer or Poorer (1997),Comedy
1435,Good Will Hunting (1997),Drama
1436,Home Alone 3 (1997),Children's|Comedy
1437,Midnight in the Garden of Good and Evil (1997),Comedy|Crime|Drama|Mystery
1438,Mouse Hunt (1997),Children's|Comedy
1439,Office Killer (1997),Thriller
1440,Scream 2 (1997),Horror|Thriller
1441,Stranger in the House (1997),Thriller
1442,"Sweet Hereafter, The (1997)",Drama
1443,Time Tracers (1995),Action|Adventure|Sci-Fi
1444,Titanic (1997),Drama|Romance
1445,Tomorrow Never Dies (1997),Action|Romance|Thriller
1446,"Education of Little Tree, The (1997)",Drama
1447,"Postman, The (1997)",Drama
1448,"Horse Whisperer, The (1998)",Drama
1449,"Winter Guest, The (1997)",Drama
1450,Jackie Brown (1997),Crime|Drama
1451,Kundun (1997),Drama
1452,Mr. Magoo (1997),Comedy
1453,"Big Lebowski, The (1998)",Comedy|Crime|Mystery|Thriller
1454,Afterglow (1997),Drama|Romance
1455,My Life in Pink (Ma vie en rose) (1997),Comedy|Drama
1456,Great Expectations (1998),Drama|Romance
1457,3 Ninjas: High Noon On Mega Mountain (1998),Action|Children's
1458,"Midaq Alley (Callejón de los milagros, El) (1995)",Drama
1459,Arguing the World (1996),Documentary
1460,Firestorm (1998),Action|Adventure|Thriller
1461,Senseless (1998),Comedy
1462,Wag the Dog (1997),Comedy|Drama
1463,Dark City (1998),Film-Noir|Sci-Fi|Thriller
1464,"Leading Man, The (1996)",Romance
1465,Star Kid (1997),Adventure|Children's|Fantasy|Sci-Fi
1466,Hard Rain (1998),Action|Thriller
1467,Half Baked (1998),Comedy
1468,Fallen (1998),Action|Mystery|Thriller
1469,Shooting Fish (1997),Romance
1470,"Prophecy II, The (1998)",Horror
1471,Dangerous Beauty (1998),Drama
1472,Four Days in September (1997),Drama
1473,Spice World (1997),Comedy|Musical
1474,Deep Rising (1998),Action|Horror|Sci-Fi
1475,Music From Another Room (1998),Drama|Romance
1476,"Replacement Killers, The (1998)",Action|Thriller
1477,B. Monkey (1998),Romance|Thriller
1478,Night Flier (1997),Horror
1479,Blues Brothers 2000 (1998),Action|Comedy|Musical
1480,"Wedding Singer, The (1998)",Comedy|Romance
1481,Sphere (1998),Adventure|Sci-Fi|Thriller
1482,Ayn Rand: A Sense of Life (1997),Documentary
1483,Little City (1998),Comedy|Romance
1484,Palmetto (1998),Film-Noir|Mystery|Thriller
1485,As Good As It Gets (1997),Comedy|Drama
1486,King of New York (1990),Action|Crime
1487,Men With Guns (1997),Action|Drama
1488,Twilight (1998),Crime|Drama
1489,U.S. Marshalls (1998),Action|Thriller
1490,Welcome to Woop-Woop (1997),Comedy
1491,Love and Death on Long Island (1997),Comedy|Drama
1492,In God's Hands (1998),Action|Drama
1493,Everest (1998),Documentary
1494,Hush (1998),Thriller
1495,Suicide Kings (1997),Crime|Drama
1496,"Man in the Iron Mask, The (1998)",Action|Drama|Romance
1497,"Newton Boys, The (1998)",Crime|Drama
1498,Wild Things (1998),Crime|Drama|Mystery|Thriller
1499,Paulie (1998),Adventure|Children's|Comedy
1500,"Cool Dry Place, A (1998)",Drama
1501,Hana-bi (1997),Comedy|Crime|Drama
1502,Primary Colors (1998),Drama
1503,"Niagara, Niagara (1997)",Drama
1504,Wide Awake (1998),Children's|Comedy|Drama
1505,"Price Above Rubies, A (1998)",Drama
1506,Two Girls and a Guy (1997),Comedy|Drama
1507,No Looking Back (1998),Comedy|Drama|Romance
1508,"Object of My Affection, The (1998)",Comedy|Romance
1509,Meet the Deedles (1998),Children's|Comedy
1510,Homegrown (1998),Comedy|Thriller
1511,"Player's Club, The (1998)",Action|Drama
1512,Barney's Great Adventure (1998),Adventure|Children's
1513,"Big One, The (1997)",Comedy|Documentary
1514,Chinese Box (1997),Drama|Romance
1515,Lost in Space (1998),Action|Sci-Fi|Thriller
1516,Mercury Rising (1998),Action|Drama|Thriller
1517,"Spanish Prisoner, The (1997)",Drama|Thriller
1518,City of Angels (1998),Romance
1519,"Last Days of Disco, The (1998)",Drama
1520,"Odd Couple II, The (1998)",Comedy
1521,My Giant (1998),Comedy
1522,He Got Game (1998),Drama
1523,"Gingerbread Man, The (1998)",Drama|Thriller
1524,Live Flesh (1997),Drama
1525,Zero Effect (1998),Comedy|Thriller
1526,Nil By Mouth (1997),Drama
1527,"Borrowers, The (1997)",Adventure|Children's|Comedy|Fantasy
1528,Prince Valiant (1997),Adventure
1529,"I Love You, Don't Touch Me! (1998)",Drama|Romance
1530,"Alan Smithee Film: Burn Hollywood Burn, An (1997)",Comedy
1531,Kissing a Fool (1998),Comedy|Romance
1532,Krippendorf's Tribe (1998),Comedy
1533,Kurt & Courtney (1998),Documentary|Musical
1534,"Real Blonde, The (1997)",Comedy
1535,Mr. Nice Guy (1997),Action|Comedy
1536,Taste of Cherry (1997),Drama
1537,Character (Karakter) (1997),Drama
1538,Species II (1998),Horror|Sci-Fi
1539,Major League: Back to the Minors (1998),Comedy
1540,Sour Grapes (1998),Comedy
1541,Wild Man Blues (1998),Documentary
1542,"Big Hit, The (1998)",Action|Comedy
1543,Tarzan and the Lost City (1998),Action|Adventure
1544,Black Dog (1998),Action|Thriller
1545,"Dancer, Texas Pop. 81 (1998)",Comedy|Drama
1546,Go Now (1995),Drama
1547,"Misérables, Les (1998)",Drama
1548,Still Breathing (1997),Comedy|Romance
1549,Clockwatchers (1997),Comedy
1550,Deep Impact (1998),Action|Drama|Sci-Fi|Thriller
1551,Woo (1998),Comedy|Romance
1552,"Hanging Garden, The (1997)",Drama
1553,Lawn Dogs (1997),Drama
1554,Quest for Camelot (1998),Adventure|Animation|Children's|Fantasy
1555,Godzilla (1998),Action|Sci-Fi
1556,Bulworth (1998),Comedy
1557,Fear and Loathing in Las Vegas (1998),Comedy|Drama
1558,"Opposite of Sex, The (1998)",Comedy|Drama
1559,Almost Heroes (1998),Adventure|Comedy
1560,Hope Floats (1998),Comedy|Drama|Romance
1561,Insomnia (1997),Thriller
1562,Little Boy Blue (1997),Drama
1563,"Ugly, The (1997)",Horror|Thriller
1564,"Perfect Murder, A (1998)",Mystery|Thriller
1565,Beyond Silence (1996),Drama
1566,Six Days Seven Nights (1998),Adventure|Comedy|Romance
1567,Can't Hardly Wait (1998),Comedy|Drama|Romance
1568,Cousin Bette (1998),Comedy
1569,High Art (1998),Drama|Romance
1570,"Land Girls, The (1998)",Drama|War
1571,Passion in the Desert (1998),Adventure|Drama
1572,"Children of Heaven, The (Bacheha-Ye Aseman) (1997)",Drama
1573,Dear Jesse (1997),Documentary
1574,Dream for an Insomniac (1996),Drama|Romance
1575,Hav Plenty (1997),Comedy
1576,Henry Fool (1997),Comedy|Drama
1577,Mr. Jealousy (1997),Comedy|Romance
1578,Mulan (1998),Animation|Children's
1579,"X-Files: Fight the Future, The (1998)",Mystery|Sci-Fi|Thriller
1580,I Went Down (1997),Action|Comedy|Crime
1581,Doctor Dolittle (1998),Comedy
1582,Out of Sight (1998),Action|Crime|Romance
1583,Picnic at Hanging Rock (1975),Drama|Mystery
1584,Smoke Signals (1998),Comedy|Drama
1585,Buffalo 66 (1998),Action|Comedy|Drama
1586,Armageddon (1998),Action|Adventure|Sci-Fi|Thriller
1587,Lethal Weapon 4 (1998),Action|Comedy|Crime|Drama
1588,Madeline (1998),Children's|Comedy
1589,Small Soldiers (1998),Animation|Children's|Fantasy|War
1590,Pi (1998),Sci-Fi|Thriller
1591,Whatever (1998),Drama
1592,There's Something About Mary (1998),Comedy
1593,Plan 9 from Outer Space (1958),Horror|Sci-Fi
1594,Wings (1927),Drama|Romance|War
1595,"Broadway Melody, The (1929)",Musical
1596,All Quiet on the Western Front (1930),War
1597,Cimarron (1931),Western
1598,Grand Hotel (1932),Drama
1599,Cavalcade (1933),Drama
1600,Mutiny on the Bounty (1935),Adventure
1601,"Great Ziegfeld, The (1936)",Musical
1602,"Life of Émile Zola, The (1937)",Drama
1603,You Can't Take It With You (1938),Comedy
1604,How Green Was My Valley (1941),Drama
1605,Mrs. Miniver (1942),Drama|War
1606,Going My Way (1944),Comedy
1607,"Lost Weekend, The (1945)",Drama
1608,"Best Years of Our Lives, The (1946)",Drama|War
1609,Gentleman's Agreement (1947),Drama
1610,Hamlet (1948),Drama
1611,All the King's Men (1949),Drama
1612,"Greatest Show on Earth, The (1952)",Drama
1613,From Here to Eternity (1953),Drama|Romance|War
1614,On the Waterfront (1954),Crime|Drama
1615,Marty (1955),Drama|Romance
1616,West Side Story (1961),Musical|Romance
1617,Tom Jones (1963),Comedy
1618,"Man for All Seasons, A (1966)",Drama
1619,In the Heat of the Night (1967),Drama|Mystery
1620,Oliver! (1968),Musical
1621,Midnight Cowboy (1969),Drama
1622,"French Connection, The (1971)",Action|Crime|Drama|Thriller
1623,Rocky (1976),Action|Drama
1624,Kramer Vs. Kramer (1979),Drama
1625,Ordinary People (1980),Drama
1626,Chariots of Fire (1981),Drama
1627,Terms of Endearment (1983),Comedy|Drama
1628,Out of Africa (1985),Drama|Romance
1629,"Last Emperor, The (1987)",Drama|War
1630,Rain Man (1988),Drama
1631,Driving Miss Daisy (1989),Drama
1632,Take the Money and Run (1969),Comedy
1633,Klute (1971),Drama|Mystery
1634,Repo Man (1984),Comedy|Sci-Fi
1635,Metropolitan (1990),Comedy
1636,Labyrinth (1986),Adventure|Children's|Fantasy
1637,"Breakfast Club, The (1985)",Comedy|Drama
1638,"Nightmare on Elm Street Part 2: Freddy's Revenge, A (1985)",Horror
1639,"Nightmare on Elm Street 3: Dream Warriors, A (1987)",Horror
1640,"Nightmare on Elm Street 4: The Dream Master, A (1988)",Horror
1641,"Nightmare on Elm Street 5: The Dream Child, A (1989)",Horror
1642,Freddy's Dead: The Final Nightmare (1991),Horror
1643,Friday the 13th (1980),Horror
1644,Friday the 13th Part 2 (1981),Horror
1645,Friday the 13th Part 3: 3D (1982),Horror
1646,Friday the 13th: The Final Chapter (1984),Horror
1647,Friday the 13th Part V: A New Beginning (1985),Horror
1648,Friday the 13th Part VI: Jason Lives (1986),Horror
1649,Friday the 13th Part VII: The New Blood (1988),Horror
1650,Friday the 13th Part VIII: Jason Takes Manhattan (1989),Horror
1651,Halloween (1978),Horror
1652,Halloween II (1981),Horror
1653,Halloween III: Season of the Witch (1983),Horror
1654,Halloween 4: The Return of Michael Myers (1988),Horror
1655,Halloween 5: The Revenge of Michael Myers (1989),Horror
1656,Prom Night (1980),Horror
1657,Hello Mary Lou: Prom Night II (1987),Horror
1658,Prom Night III: The Last Kiss (1989),Horror
1659,Prom Night IV: Deliver Us From Evil (1992),Horror
1660,Child's Play (1988),Horror
1661,Child's Play 2 (1990),Horror
1662,Child's Play 3 (1992),Horror
1663,Poltergeist (1982),Horror|Thriller
1664,Poltergeist II: The Other Side (1986),Horror|Thriller
1665,Poltergeist III (1988),Horror|Thriller
1666,"Exorcist, The (1973)",Horror
1667,Exorcist II: The Heretic (1977),Horror
1668,"Exorcist III, The (1990)",Horror
1669,Lethal Weapon (1987),Action|Comedy|Crime|Drama
1670,Lethal Weapon 2 (1989),Action|Comedy|Crime|Drama
1671,Lethal Weapon 3 (1992),Action|Comedy|Crime|Drama
1672,Gremlins (1984),Comedy|Horror
1673,Gremlins 2: The New Batch (1990),Comedy|Horror
1674,"Goonies, The (1985)",Adventure|Children's|Fantasy
1675,"Mask of Zorro, The (1998)",Action|Adventure|Romance
1676,Polish Wedding (1998),Comedy
1677,"This World, Then the Fireworks (1996)",Crime|Drama|Film-Noir
1678,Soylent Green (1973),Sci-Fi|Thriller
1679,Metropolis (1926),Sci-Fi
1680,Back to the Future Part II (1989),Comedy|Sci-Fi
1681,Back to the Future Part III (1990),Comedy|Sci-Fi|Western
1682,"Poseidon Adventure, The (1972)",Action|Adventure
1683,Freaky Friday (1977),Children's|Comedy
1684,"Absent Minded Professor, The (1961)",Children's|Comedy|Fantasy
1685,"Apple Dumpling Gang Rides Again, The (1979)",Children's|Comedy|Western
1686,Babes in Toyland (1961),Children's|Fantasy|Musical
1687,Bambi (1942),Animation|Children's
1688,Seven Samurai (The Magnificent Seven) (Shichinin no samurai) (1954),Action|Drama
1689,Dangerous Liaisons (1988),Drama|Romance
1690,Dune (1984),Fantasy|Sci-Fi
1691,"Last Temptation of Christ, The (1988)",Drama
1692,"Godfather: Part III, The (1990)",Action|Crime|Drama
1693,"Rapture, The (1991)",Drama|Mystery
1694,Lolita (1997),Drama|Romance
1695,Disturbing Behavior (1998),Horror|Thriller
1696,Mafia! (1998),Comedy|Crime
1697,Saving Private Ryan (1998),Action|Drama|War
1698,Billy's Hollywood Screen Kiss (1997),Comedy|Romance
1699,"$1,000,000 Duck (1971)",Children's|Comedy
1700,"Barefoot Executive, The (1971)",Children's|Comedy
1701,"Black Cauldron, The (1985)",Animation|Children's
1702,"Black Hole, The (1979)",Sci-Fi
1703,Blackbeard's Ghost (1968),Children's|Comedy
1704,Blank Check (1994),Children's|Comedy
1705,Candleshoe (1977),Adventure|Children's|Comedy
1706,"Cat from Outer Space, The (1978)",Children's|Comedy|Sci-Fi
1707,"Computer Wore Tennis Shoes, The (1970)",Children's|Comedy
1708,Condorman (1981),Action|Adventure|Children's|Comedy
1709,D2: The Mighty Ducks (1994),Children's|Comedy
1710,Darby O'Gill and the Little People (1959),Adventure|Children's|Fantasy
1711,"Devil and Max Devlin, The (1981)",Comedy
1712,"Far Off Place, A (1993)",Adventure|Children's|Drama|Romance
1713,Flight of the Navigator (1986),Adventure|Children's|Sci-Fi
1714,"Gnome-Mobile, The (1967)",Children's
1715,"Great Mouse Detective, The (1986)",Animation|Children's
1716,"Happiest Millionaire, The (1967)",Comedy|Musical
1717,Herbie Goes Bananas (1980),Adventure|Children's|Comedy
1718,Herbie Goes to Monte Carlo (1977),Adventure|Children's|Comedy
1719,Hocus Pocus (1993),Children's|Comedy
1720,"Honey, I Blew Up the Kid (1992)",Children's|Comedy|Sci-Fi
1721,"Honey, I Shrunk the Kids (1989)",Adventure|Children's|Comedy|Fantasy|Sci-Fi
1722,Hot Lead and Cold Feet (1978),Comedy|Western
1723,In Search of the Castaways (1962),Adventure|Children's
1724,"Incredible Journey, The (1963)",Adventure|Children's
1725,"Negotiator, The (1998)",Action|Thriller
1726,"Parent Trap, The (1998)",Children's|Drama
1727,BASEketball (1998),Comedy
1728,Full Tilt Boogie (1997),Documentary
1729,"Governess, The (1998)",Drama|Romance
1730,Seventh Heaven (Le Septième ciel) (1997),Drama|Romance
1731,Roger & Me (1989),Comedy|Documentary
1732,"Purple Rose of Cairo, The (1985)",Comedy|Drama|Romance
1733,Out of the Past (1947),Film-Noir
1734,Doctor Zhivago (1965),Drama|Romance|War
1735,Fanny and Alexander (1982),Drama
1736,"Trip to Bountiful, The (1985)",Drama
1737,Tender Mercies (1983),Drama
1738,And the Band Played On (1993),Drama
1739,"'burbs, The (1989)",Comedy
1740,Fandango (1985),Comedy
1741,"Night Porter, The (Il Portiere di notte) (1974)",Drama
1742,Mephisto (1981),Drama|War
1743,Blue Velvet (1986),Drama|Mystery
1744,"Journey of Natty Gann, The (1985)",Adventure|Children's
1745,"Jungle Book, The (1967)",Animation|Children's|Comedy|Musical
1746,Kidnapped (1960),Children's|Drama
1747,Lady and the Tramp (1955),Animation|Children's|Comedy|Musical|Romance
1748,"Little Mermaid, The (1989)",Animation|Children's|Comedy|Musical|Romance
1749,"Mighty Ducks, The (1992)",Children's|Comedy
1750,"Muppet Christmas Carol, The (1992)",Children's|Musical
1751,Newsies (1992),Children's|Musical
1752,101 Dalmatians (1961),Animation|Children's
1753,One Magic Christmas (1985),Drama|Fantasy
1754,Peter Pan (1953),Animation|Children's|Fantasy|Musical
1755,Popeye (1980),Adventure|Comedy|Musical
1756,"Rescuers Down Under, The (1990)",Animation|Children's
1757,"Rescuers, The (1977)",Animation|Children's
1758,Return from Witch Mountain (1978),Children's|Sci-Fi
1759,"Return of Jafar, The (1993)",Animation|Children's|Musical
1760,Return to Oz (1985),Adventure|Children's|Fantasy|Sci-Fi
1761,"Rocketeer, The (1991)",Action|Adventure|Sci-Fi
1762,"Shaggy D.A., The (1976)",Children's|Comedy
1763,Sleeping Beauty (1959),Animation|Children's|Musical
1764,Something Wicked This Way Comes (1983),Children's|Horror
1765,Son of Flubber (1963),Children's|Comedy
1766,Song of the South (1946),Adventure|Animation|Children's|Musical
1767,Splash (1984),Comedy|Fantasy|Romance
1768,Squanto: A Warrior's Tale (1994),Adventure|Drama
1769,Steamboat Willie (1940),Animation|Children's|Comedy|Musical
1770,Tall Tale (1994),Adventure|Children's
1771,Tex (1982),Drama
1772,Tron (1982),Action|Adventure|Fantasy|Sci-Fi
1773,Swing Kids (1993),Drama|War
1774,Halloween: H20 (1998),Horror|Thriller
1775,L.A. Story (1991),Comedy|Romance
1776,"Jerk, The (1979)",Comedy
1777,Dead Men Don't Wear Plaid (1982),Comedy|Crime|Thriller
1778,"Man with Two Brains, The (1983)",Comedy
1779,Grand Canyon (1991),Crime|Drama
1780,Graveyard Shift (1990),Horror|Thriller
1781,"Outsiders, The (1983)",Drama
1782,Indiana Jones and the Temple of Doom (1984),Action|Adventure
1783,"Lord of the Rings, The (1978)",Adventure|Animation|Children's|Sci-Fi
1784,Nineteen Eighty-Four (1984),Drama|Sci-Fi
1785,"Dead Zone, The (1983)",Horror|Thriller
1786,Maximum Overdrive (1986),Horror
1787,Needful Things (1993),Drama|Horror
1788,Cujo (1983),Horror|Thriller
1789,Children of the Corn (1984),Horror|Thriller
1790,All Dogs Go to Heaven (1989),Animation|Children's
1791,"Addams Family, The (1991)",Comedy
1792,Ever After: A Cinderella Story (1998),Drama|Romance
1793,Snake Eyes (1998),Action|Crime|Mystery|Thriller
1794,Safe Men (1998),Comedy
1795,"Saltmen of Tibet, The (1997)",Documentary
1796,Atlantic City (1980),Crime|Drama|Romance
1797,Autumn Sonata (Höstsonaten ) (1978),Drama
1798,Who's Afraid of Virginia Woolf? (1966),Drama
1799,Adventures in Babysitting (1987),Adventure|Comedy
1800,Weird Science (1985),Comedy
1801,Doctor Dolittle (1967),Adventure|Musical
1802,"Nutty Professor, The (1963)",Comedy
1803,Charlotte's Web (1973),Animation|Children's
1804,Watership Down (1978),Animation|Children's|Drama|Fantasy
1805,"Secret of NIMH, The (1982)",Animation|Children's
1806,"Dark Crystal, The (1982)",Children's|Fantasy|Sci-Fi
1807,"American Tail, An (1986)",Animation|Children's|Comedy
1808,"American Tail: Fievel Goes West, An (1991)",Animation|Children's|Comedy
1809,Legend (1985),Adventure|Fantasy|Romance
1810,Sixteen Candles (1984),Comedy
1811,Pretty in Pink (1986),Comedy|Drama|Romance
1812,St. Elmo's Fire (1985),Drama|Romance
1813,"Clan of the Cave Bear, The (1986)",Drama
1814,House (1986),Comedy|Horror
1815,House II: The Second Story (1987),Comedy|Horror
1816,"Gods Must Be Crazy, The (1980)",Comedy
1817,"Gods Must Be Crazy II, The (1989)",Comedy
1818,Air Bud: Golden Receiver (1998),Children's|Comedy
1819,"Avengers, The (1998)",Action|Adventure
1820,How Stella Got Her Groove Back (1998),Drama|Romance
1821,"Slums of Beverly Hills, The (1998)",Comedy
1822,"Best Man, The (Il Testimone dello sposo) (1997)",Comedy|Drama
1823,"Chambermaid on the Titanic, The (1998)",Romance
1824,"Henry: Portrait of a Serial Killer, Part 2 (1996)",Crime|Horror
1825,Henry: Portrait of a Serial Killer (1990),Crime|Horror
1826,Rosemary's Baby (1968),Horror|Thriller
1827,"NeverEnding Story, The (1984)",Adventure|Children's|Fantasy
1828,"NeverEnding Story II: The Next Chapter, The (1990)",Adventure|Children's|Fantasy
1829,Attack of the Killer Tomatoes! (1980),Comedy|Horror
1830,Surf Nazis Must Die (1987),Drama
1831,Your Friends and Neighbors (1998),Drama
1832,Return to Paradise (1998),Drama|Romance
1833,Blade (1998),Action|Adventure|Horror
1834,Dance with Me (1998),Drama|Romance
1835,Dead Man on Campus (1998),Comedy
1836,Wrongfully Accused (1998),Action|Comedy
1837,"Next Stop, Wonderland (1998)",Comedy|Drama|Romance
1838,"Navigator: A Mediaeval Odyssey, The (1988)",Adventure|Fantasy|Sci-Fi
1839,Beetlejuice (1988),Comedy|Fantasy
1840,Déjà Vu (1997),Drama|Romance
1841,Rope (1948),Thriller
1842,Family Plot (1976),Comedy|Thriller
1843,Frenzy (1972),Thriller
1844,Topaz (1969),Thriller
1845,Torn Curtain (1966),Thriller
1846,Marnie (1964),Thriller
1847,"Wrong Man, The (1956)",Drama|Film-Noir|Thriller
1848,"Man Who Knew Too Much, The (1956)",Thriller
1849,"Trouble with Harry, The (1955)",Mystery|Thriller
1850,I Confess (1953),Thriller
1851,Strangers on a Train (1951),Film-Noir|Thriller
1852,Stage Fright (1950),Mystery|Thriller
1853,54 (1998),Drama
1854,I Married A Strange Person (1997),Animation
1855,Why Do Fools Fall In Love? (1998),Drama
1856,"Merry War, A (1997)",Comedy
1857,See the Sea (Regarde la mer) (1997),Drama
1858,Willow (1988),Action|Adventure|Fantasy
1859,"Untouchables, The (1987)",Action|Crime|Drama
1860,Dirty Work (1998),Comedy
1861,Knock Off (1998),Action
1862,Firelight (1997),Drama
1863,Under Capricorn (1949),Drama
1864,"Paradine Case, The (1947)",Drama
1865,Lifeboat (1944),Drama|Thriller|War
1866,Shadow of a Doubt (1943),Film-Noir|Thriller
1867,Saboteur (1942),Thriller
1868,Mr. & Mrs. Smith (1941),Comedy
1869,Suspicion (1941),Mystery|Thriller
1870,Jamaica Inn (1939),Drama
1871,"Lady Vanishes, The (1938)",Comedy|Mystery|Romance|Thriller
1872,Young and Innocent (1937),Crime|Thriller
1873,Sabotage (1936),Thriller
1874,Secret Agent (1936),Thriller
1875,"Man Who Knew Too Much, The (1934)",Thriller
1876,Rich and Strange (1932),Comedy|Romance
1877,Murder! (1930),Mystery|Thriller
1878,Blackmail (1929),Thriller
1879,"Lodger, The (1926)",Thriller
1880,Rounders (1998),Crime|Drama
1881,Cube (1997),Sci-Fi|Thriller
1882,Digging to China (1998),Drama
1883,Let's Talk About Sex (1998),Drama
1884,Simon Birch (1998),Drama
1885,Without Limits (1998),Drama
1886,Seven Beauties (Pasqualino Settebellezze) (1976),Comedy|Drama
1887,Swept Away (Travolti da un insolito destino nell'azzurro mare d'Agosto) (1975),Comedy|Drama
1888,My Bodyguard (1980),Drama
1889,Class (1983),Comedy
1890,"Grandview, U.S.A. (1984)",Drama
1891,Broadcast News (1987),Comedy|Drama|Romance
1892,"Allnighter, The (1987)",Comedy|Romance
1893,Working Girl (1988),Comedy|Drama
1894,Stars and Bars (1988),Comedy
1895,Married to the Mob (1988),Comedy
1896,Say Anything... (1989),Comedy|Drama|Romance
1897,My Blue Heaven (1990),Comedy
1898,Men Don't Leave (1990),Drama
1899,Hero (1992),Comedy|Drama
1900,Toys (1992),Action|Comedy|Fantasy
1901,Young Doctors in Love (1982),Comedy
1902,Parasite (1982),Horror|Sci-Fi
1903,No Small Affair (1984),Comedy|Romance
1904,Blame It on Rio (1984),Comedy|Romance
1905,Wisdom (1986),Action|Crime
1906,One Crazy Summer (1986),Comedy
1907,About Last Night... (1986),Comedy|Drama|Romance
1908,"Seventh Sign, The (1988)",Thriller
1909,We're No Angels (1989),Drama
1910,Nothing But Trouble (1991),Adventure|Comedy
1911,"Butcher's Wife, The (1991)",Comedy|Romance
1912,Mortal Thoughts (1991),Mystery|Thriller
1913,"Few Good Men, A (1992)",Crime|Drama
1914,Indecent Proposal (1993),Drama
1915,Permanent Midnight (1998),Drama
1916,One True Thing (1998),Drama
1917,Rush Hour (1998),Action|Thriller
1918,Six-String Samurai (1998),Action|Adventure|Sci-Fi
1919,"Soldier's Daughter Never Cries, A (1998)",Drama
1920,Ronin (1998),Action|Crime|Thriller
1921,Urban Legend (1998),Horror|Thriller
1922,Clay Pigeons (1998),Crime
1923,Monument Ave. (1998),Crime
1924,Pecker (1998),Comedy|Drama
1925,"Sheltering Sky, The (1990)",Drama
1926,Bandit Queen (1994),Drama
1927,If.... (1968),Drama
1928,"Fiendish Plot of Dr. Fu Manchu, The (1980)",Comedy
1929,Them! (1954),Sci-Fi|Thriller|War
1930,"Thing, The (1982)",Action|Horror|Sci-Fi|Thriller
1931,"Player, The (1992)",Comedy|Drama
1932,Stardust Memories (1980),Comedy|Drama
1933,Edward Scissorhands (1990),Drama|Romance
1934,Overnight Delivery (1996),Romance
1935,Shadrach (1998),Drama
1936,Antz (1998),Animation|Children's
1937,"Impostors, The (1998)",Comedy
1938,"Night at the Roxbury, A (1998)",Comedy
1939,What Dreams May Come (1998),Drama|Romance
1940,Strangeland (1998),Thriller
1941,"Producers, The (1968)",Comedy|Musical
1942,History of the World: Part I (1981),Comedy
1943,My Cousin Vinny (1992),Comedy
1944,Nashville (1975),Drama|Musical
1945,Love Is the Devil (1998),Drama
1946,Slam (1998),Drama
1947,Holy Man (1998),Comedy
1948,One Tough Cop (1998),Action|Drama
1949,"Mighty, The (1998)",Drama
1950,2010 (1984),Mystery|Sci-Fi
1951,Children of a Lesser God (1986),Drama
1952,"Elephant Man, The (1980)",Drama
1953,Beloved (1998),Drama
1954,Bride of Chucky (1998),Horror|Thriller
1955,Practical Magic (1998),Drama|Romance
1956,"Alarmist, The (1997)",Comedy
1957,Happiness (1998),Comedy
1958,Apt Pupil (1998),Drama|Thriller
1959,Pleasantville (1998),Comedy
1960,Soldier (1998),Action|Adventure|Sci-Fi|Thriller|War
1961,"Cruise, The (1998)",Documentary
1962,Life Is Beautiful (La Vita è bella) (1997),Comedy|Drama
1963,Orgazmo (1997),Comedy
1964,Shattered Image (1998),Drama|Thriller
1965,Tales from the Darkside: The Movie (1990),Horror
1966,Vampires (1998),Horror
1967,American History X (1998),Drama
1968,Hands on a Hard Body (1996),Documentary
1969,Living Out Loud (1998),Comedy|Romance
1970,Belly (1998),Crime|Drama
1971,Gods and Monsters (1998),Drama
1972,"Siege, The (1998)",Action|Thriller
1973,"Waterboy, The (1998)",Comedy
1974,Elizabeth (1998),Drama
1975,Velvet Goldmine (1998),Drama
1976,I Still Know What You Did Last Summer (1998),Horror|Mystery|Thriller
1977,I'll Be Home For Christmas (1998),Comedy|Romance
1978,Meet Joe Black (1998),Romance
1979,Dancing at Lughnasa (1998),Drama
1980,Hard Core Logo (1996),Comedy
1981,Runaway Train (1985),Action|Adventure|Drama|Thriller
1982,Desert Bloom (1986),Drama
1983,"Stepford Wives, The (1975)",Sci-Fi|Thriller
1984,"Pope of Greenwich Village, The (1984)",Action
1985,Sid and Nancy (1986),Drama
1986,Mona Lisa (1986),Comedy|Thriller
1987,Heart Condition (1990),Comedy
1988,Nights of Cabiria (Le Notti di Cabiria) (1957),Drama
1989,"Big Chill, The (1983)",Comedy|Drama
1990,Enemy of the State (1998),Action|Thriller
1991,"Rugrats Movie, The (1998)",Animation|Children's|Comedy
1992,"Bug's Life, A (1998)",Animation|Children's|Comedy
1993,Celebrity (1998),Comedy
1994,Central Station (Central do Brasil) (1998),Drama
1995,Waking Ned Devine (1998),Comedy
1996,"Celebration, The (Festen) (1998)",Drama
1997,Pink Flamingos (1972),Comedy
1998,Glen or Glenda (1953),Drama
1999,Godzilla (Gojira) (1954),Action|Sci-Fi
2000,Godzilla (Gojira) (1984),Action|Sci-Fi
2001,King Kong vs. Godzilla (Kingukongu tai Gojira) (1962),Action|Sci-Fi
2002,King Kong (1933),Action|Adventure|Horror
2003,King Kong (1976),Action|Adventure|Horror
2004,King Kong Lives (1986),Action|Adventure|Horror
2005,Desperately Seeking Susan (1985),Comedy|Romance
2006,"Emerald Forest, The (1985)",Action|Adventure|Drama
2007,Fletch (1985),Comedy
2008,Fletch Lives (1989),Comedy
2009,Red Sonja (1985),Action|Adventure
2010,Gung Ho (1986),Comedy|Drama
2011,"Money Pit, The (1986)",Comedy
2012,"View to a Kill, A (1985)",Action
2013,Lifeforce (1985),Horror|Sci-Fi
2014,Police Academy (1984),Comedy
2015,Police Academy 2: Their First Assignment (1985),Comedy
2016,Police Academy 3: Back in Training (1986),Comedy
2017,Police Academy 4: Citizens on Patrol (1987),Comedy
2018,Police Academy 5: Assignment: Miami Beach (1988),Comedy
2019,Police Academy 6: City Under Siege (1989),Comedy
2020,Babe: Pig in the City (1998),Children's|Comedy
2021,Home Fries (1998),Comedy|Romance
2022,Jerry Springer: Ringmaster (1998),Drama
2023,Very Bad Things (1998),Comedy|Crime
2024,Steam: The Turkish Bath (Hamam) (1997),Drama|Romance
2025,Psycho (1998),Crime|Horror|Thriller
2026,Little Voice (1998),Comedy
2027,"Simple Plan, A (1998)",Crime|Thriller
2028,Jack Frost (1998),Comedy|Drama
2029,Star Trek: Insurrection (1998),Action|Sci-Fi
2030,"Prince of Egypt, The (1998)",Animation|Musical
2031,Rushmore (1998),Comedy
2032,Shakespeare in Love (1998),Comedy|Romance
2033,Mass Appeal (1984),Drama
2034,Miracle on 34th Street (1947),Drama
2035,Santa Claus: The Movie (1985),Adventure|Children's|Fantasy
2036,Prancer (1989),Children's|Drama
2037,Pale Rider (1985),Western
2038,Rambo: First Blood Part II (1985),Action|War
2039,First Blood (1982),Action
2040,Rambo III (1988),Action|War
2041,"Jewel of the Nile, The (1985)",Action|Adventure|Comedy|Romance
2042,Romancing the Stone (1984),Action|Adventure|Comedy|Romance
2043,Cocoon (1985),Comedy|Sci-Fi
2044,Cocoon: The Return (1988),Comedy|Sci-Fi
2045,Rocky II (1979),Action|Drama
2046,Rocky III (1982),Action|Drama
2047,Rocky IV (1985),Action|Drama
2048,Rocky V (1990),Action|Drama
2049,Clue (1985),Comedy|Mystery
2050,Young Sherlock Holmes (1985),Action|Adventure|Mystery
2051,Violets Are Blue... (1986),Drama|Romance
2052,Back to School (1986),Comedy
2053,Heartburn (1986),Comedy|Drama
2054,Nothing in Common (1986),Comedy
2055,Extremities (1986),Drama|Thriller
2056,"Karate Kid, The (1984)",Drama
2057,"Karate Kid, Part II, The (1986)",Action|Adventure|Drama
2058,"Karate Kid III, The (1989)",Action|Adventure|Drama
2059,Christmas Vacation (1989),Comedy
2060,You've Got Mail (1998),Comedy|Romance
2061,"General, The (1998)",Crime
2062,"Theory of Flight, The (1998)",Comedy|Drama|Romance
2063,"Thin Red Line, The (1998)",Action|Drama|War
2064,"Faculty, The (1998)",Horror|Sci-Fi
2065,Mighty Joe Young (1998),Adventure|Children's|Drama
2066,Mighty Joe Young (1949),Adventure|Children's|Drama
2067,Patch Adams (1998),Comedy|Drama
2068,Stepmom (1998),Drama
2069,"Civil Action, A (1998)",Drama
2070,Down in the Delta (1998),Drama
2071,Hurlyburly (1998),Drama
2072,Tea with Mussolini (1999),Comedy
2073,Wilde (1997),Drama
2074,Affliction (1997),Drama
2075,Another Day in Paradise (1998),Drama
2076,"Hi-Lo Country, The (1998)",Drama|Western
2077,Hilary and Jackie (1998),Drama
2078,Playing by Heart (1998),Drama|Romance
2079,24 7: Twenty Four Seven (1997),Comedy|Drama
2080,At First Sight (1999),Drama
2081,In Dreams (1999),Thriller
2082,Varsity Blues (1999),Comedy|Drama
2083,Virus (1999),Horror|Sci-Fi
2084,"Garbage Pail Kids Movie, The (1987)",Adventure|Children's
2085,Howard the Duck (1986),Adventure|Children's|Sci-Fi
2086,"Gate, The (1987)",Horror
2087,"Gate II: Trespassers, The (1990)",Horror
2088,"Boy Who Could Fly, The (1986)",Drama|Fantasy
2089,"Fly, The (1958)",Horror|Sci-Fi
2090,"Fly, The (1986)",Horror|Sci-Fi
2091,"Fly II, The (1989)",Horror|Sci-Fi
2092,Running Scared (1986),Action|Comedy
2093,Armed and Dangerous (1986),Comedy|Crime
2094,"Texas Chainsaw Massacre, The (1974)",Horror
2095,"Texas Chainsaw Massacre 2, The (1986)",Horror
2096,Leatherface: Texas Chainsaw Massacre III (1990),Horror
2097,"Return of the Texas Chainsaw Massacre, The (1994)",Horror
2098,Ruthless People (1986),Comedy
2099,Trick or Treat (1986),Horror
2100,Deadly Friend (1986),Horror
2101,Belizaire the Cajun (1986),Drama
2102,"Name of the Rose, The (1986)",Mystery
2103,Jumpin' Jack Flash (1986),Action|Comedy|Romance|Thriller
2104,Peggy Sue Got Married (1986),Comedy|Romance
2105,Crocodile Dundee (1986),Adventure|Comedy
2106,Crocodile Dundee II (1988),Adventure|Comedy
2107,Tough Guys (1986),Comedy
2108,Soul Man (1986),Comedy
2109,"Color of Money, The (1986)",Drama
2110,52 Pick-Up (1986),Action|Mystery|Thriller
2111,Heartbreak Ridge (1986),Action|War
2112,Firewalker (1986),Adventure
2113,Three Amigos! (1986),Comedy|Western
2114,Gloria (1999),Drama|Thriller
2115,My Name Is Joe (1998),Drama|Romance
2116,Still Crazy (1998),Comedy|Romance
2117,"Day of the Beast, The (El Día de la bestia) (1995)",Comedy|Horror|Thriller
2118,She's All That (1999),Comedy|Romance
2119,24-hour Woman (1998),Drama
2120,"Blood, Guts, Bullets and Octane (1998)",Action|Comedy
2121,Peeping Tom (1960),Drama|Horror|Thriller
2122,Payback (1999),Action|Thriller
2123,Simply Irresistible (1999),Comedy|Romance
2124,20 Dates (1998),Comedy
2125,"Harmonists, The (1997)",Drama
2126,"Last Days, The (1998)",Documentary
2127,"Fantastic Planet, The (La Planète sauvage) (1973)",Animation|Sci-Fi
2128,Blast from the Past (1999),Comedy|Romance
2129,Message in a Bottle (1999),Romance
2130,My Favorite Martian (1999),Comedy|Sci-Fi
2131,God Said 'Ha!' (1998),Comedy
2132,Jawbreaker (1999),Comedy
2133,October Sky (1999),Drama
2134,Office Space (1999),Comedy|Romance
2135,"Apple, The (Sib) (1998)",Drama
2136,200 Cigarettes (1999),Comedy|Drama
2137,8MM (1999),Thriller
2138,"Other Sister, The (1999)",Comedy|Drama|Romance
2139,Breakfast of Champions (1999),Comedy
2140,Eight Days a Week (1997),Comedy
2141,"Long Goodbye, The (1973)",Crime
2142,"Ballad of Narayama, The (Narayama Bushiko) (1982)",Drama
2143,Pet Sematary (1989),Horror
2144,Pet Sematary II (1992),Horror
2145,Children of the Corn II: The Final Sacrifice (1993),Horror
2146,Children of the Corn III (1994),Horror
2147,Christine (1983),Horror
2148,Night Shift (1982),Comedy
2149,House on Haunted Hill (1958),Horror
2150,Airport (1970),Drama
2151,Airport 1975 (1974),Drama
2152,Airport '77 (1977),Drama
2153,Rollercoaster (1977),Drama|Thriller
2154,"Towering Inferno, The (1974)",Action|Drama
2155,Alligator (1980),Action|Horror|Sci-Fi
2156,Meteor (1979),Sci-Fi
2157,Westworld (1973),Action|Sci-Fi|Thriller|Western
2158,Logan's Run (1976),Action|Adventure|Sci-Fi
2159,Planet of the Apes (1968),Action|Sci-Fi
2160,Beneath the Planet of the Apes (1970),Action|Sci-Fi
2161,Battle for the Planet of the Apes (1973),Action|Sci-Fi
2162,Conquest of the Planet of the Apes (1972),Action|Sci-Fi
2163,Escape from the Planet of the Apes (1971),Action|Sci-Fi
2164,Avalanche (1978),Action
2165,Earthquake (1974),Action
2166,"Concorde: Airport '79, The (1979)",Drama
2167,Beyond the Poseidon Adventure (1979),Adventure
2168,Dancemaker (1998),Documentary
2169,Analyze This (1999),Comedy
2170,"Corruptor, The (1999)",Action|Crime|Drama|Thriller
2171,Cruel Intentions (1999),Drama
2172,"Lock, Stock & Two Smoking Barrels (1998)",Comedy|Crime|Thriller
2173,"School of Flesh, The (L' École de la chair) (1998)",Drama
2174,Relax... It's Just Sex (1998),Comedy
2175,"Deep End of the Ocean, The (1999)",Drama
2176,"Rage: Carrie 2, The (1999)",Horror
2177,Wing Commander (1999),Action|Sci-Fi
2178,"Haunting, The (1963)",Horror|Thriller
2179,Dead Ringers (1988),Drama|Thriller
2180,My Boyfriend's Back (1993),Comedy
2181,Village of the Damned (1960),Horror|Sci-Fi|Thriller
2182,Children of the Damned (1963),Horror|Sci-Fi|Thriller
2183,Baby Geniuses (1999),Comedy
2184,I Stand Alone (Seul contre tous) (1998),Drama
2185,Forces of Nature (1999),Comedy|Romance
2186,"King and I, The (1999)",Animation|Children's
2187,Ravenous (1999),Drama|Horror
2188,True Crime (1999),Crime|Thriller
2189,Bandits (1997),Drama
2190,"King and I, The (1956)",Musical
2191,Doug's 1st Movie (1999),Animation|Children's
2192,EDtv (1999),Comedy
2193,"Mod Squad, The (1999)",Action|Crime
2194,Among Giants (1998),Drama|Romance
2195,"Walk on the Moon, A (1999)",Drama|Romance
2196,"Matrix, The (1999)",Action|Sci-Fi|Thriller
2197,10 Things I Hate About You (1999),Comedy|Romance
2198,Tango (1998),Drama
2199,"Out-of-Towners, The (1999)",Comedy
2200,"Dreamlife of Angels, The (La Vie rêvée des anges) (1998)",Drama
2201,Metroland (1997),Comedy|Drama
2202,Following (1998),Drama
2203,Go (1999),Crime
2204,Never Been Kissed (1999),Comedy|Romance
2205,Twin Dragons (Shuang long hui) (1992),Action|Comedy
2206,Cookie's Fortune (1999),Mystery
2207,"Lovers of the Arctic Circle, The (Los Amantes del Círculo Polar) (1998)",Drama|Romance
2208,"Goodbye, Lover (1999)",Comedy|Crime|Thriller
2209,Life (1999),Comedy
2210,Friends & Lovers (1999),Comedy|Drama|Romance
2211,Hideous Kinky (1998),Drama
2212,"Monster, The (Il Mostro) (1994)",Comedy
2213,Open Your Eyes (Abre los ojos) (1997),Drama|Romance|Sci-Fi
2214,SLC Punk! (1998),Comedy|Drama
2215,Lost & Found (1999),Comedy|Romance
2216,Pushing Tin (1999),Comedy
2217,Election (1999),Comedy
2218,eXistenZ (1999),Action|Sci-Fi|Thriller
2219,Mighty Peking Man (Hsing hsing wang) (1977),Adventure|Sci-Fi
2220,Entrapment (1999),Crime|Thriller
2221,Idle Hands (1999),Comedy|Horror
2222,Get Real (1998),Drama
2223,Heaven (1998),Thriller
2224,"King of Masks, The (Bian Lian) (1996)",Drama
2225,Three Seasons (1999),Drama
2226,"Winslow Boy, The (1998)",Drama
2227,Mildred Pierce (1945),Drama
2228,Night of the Comet (1984),Action|Horror|Sci-Fi
2229,Chopping Mall (a.k.a. Killbots) (1986),Action|Horror|Sci-Fi
2230,My Science Project (1985),Adventure|Sci-Fi
2231,Dick Tracy (1990),Action|Crime
2232,"Mummy, The (1999)",Action|Adventure|Horror|Thriller
2233,"Castle, The (1997)",Comedy
2234,This Is My Father (1998),Drama|Romance
2235,Xiu Xiu: The Sent-Down Girl (Tian yu) (1998),Drama|Romance
2236,"Midsummer Night's Dream, A (1999)",Comedy|Fantasy
2237,After Life (1998),Drama
2238,Black Mask (Hak hap) (1996),Action
2239,Edge of Seventeen (1998),Comedy|Drama|Romance
2240,Endurance (1998),Documentary|Drama
2241,Star Wars: Episode I - The Phantom Menace (1999),Action|Adventure|Fantasy|Sci-Fi
2242,"Love Letter, The (1999)",Comedy|Romance
2243,Besieged (L' Assedio) (1998),Drama
2244,Frogs for Snakes (1998),Comedy|Film-Noir|Thriller
2245,"Saragossa Manuscript, The (Rekopis znaleziony w Saragossie) (1965)",Drama
2246,"Mummy, The (1932)",Horror|Romance
2247,"Mummy, The (1959)",Horror
2248,"Mummy's Curse, The (1944)",Horror
2249,"Mummy's Ghost, The (1944)",Horror
2250,"Mummy's Hand, The (1940)",Horror
2251,"Mummy's Tomb, The (1942)",Horror
2252,Mommie Dearest (1981),Drama
2253,Superman (1978),Action|Adventure|Sci-Fi
2254,Superman II (1980),Action|Adventure|Sci-Fi
2255,Superman III (1983),Action|Adventure|Sci-Fi
2256,Superman IV: The Quest for Peace (1987),Action|Adventure|Sci-Fi
2257,Dracula (1931),Horror
2258,Dracula (1958),Horror
2259,House of Dracula (1945),Horror
2260,House of Frankenstein (1944),Horror
2261,Frankenstein (1931),Horror
2262,Son of Frankenstein (1939),Horror
2263,"Ghost of Frankenstein, The (1942)",Horror
2264,Frankenstein Meets the Wolf Man (1943),Horror
2265,"Curse of Frankenstein, The (1957)",Horror
2266,Son of Dracula (1943),Horror
2267,"Wolf Man, The (1941)",Horror
2268,Howling II: Your Sister Is a Werewolf (1985),Horror
2269,Tarantula (1955),Horror|Sci-Fi
2270,"Rocky Horror Picture Show, The (1975)",Comedy|Horror|Musical|Sci-Fi
2271,"Flying Saucer, The (1950)",Sci-Fi
2272,It Came from Hollywood (1982),Comedy|Documentary
2273,"Thing From Another World, The (1951)",Sci-Fi
2274,It Came from Outer Space (1953),Sci-Fi
2275,"War of the Worlds, The (1953)",Action|Sci-Fi|War
2276,It Came from Beneath the Sea (1955),Sci-Fi
2277,Invasion of the Body Snatchers (1956),Horror|Sci-Fi
2278,Earth Vs. the Flying Saucers (1956),Sci-Fi
2279,It Conquered the World (1956),Sci-Fi
2280,"Mole People, The (1956)",Sci-Fi
2281,Swamp Thing (1982),Horror|Sci-Fi
2282,Pork Chop Hill (1959),War
2283,"Run Silent, Run Deep (1958)",War
2284,Notting Hill (1999),Comedy|Romance
2285,"Thirteenth Floor, The (1999)",Drama|Sci-Fi|Thriller
2286,Eternity and a Day (Mia eoniotita ke mia mera ) (1998),Drama
2287,"Loss of Sexual Innocence, The (1999)",Drama
2288,Twice Upon a Yesterday (1998),Comedy|Drama|Romance
2289,Instinct (1999),Drama|Thriller
2290,Buena Vista Social Club (1999),Documentary
2291,Desert Blue (1999),Drama
2292,Finding North (1999),Drama|Romance
2293,Free Enterprise (1998),Comedy|Romance|Sci-Fi
2294,Limbo (1999),Drama
2295,Austin Powers: The Spy Who Shagged Me (1999),Comedy
2296,"Red Violin, The (Le Violon rouge) (1998)",Drama|Mystery
2297,Tarzan (1999),Animation|Children's
2298,"General's Daughter, The (1999)",Drama|Thriller
2299,Get Bruce (1999),Documentary
2300,"Ideal Husband, An (1999)",Comedy
2301,"Legend of 1900, The (Leggenda del pianista sull'oceano) (1998)",Drama
2302,Run Lola Run (Lola rennt) (1998),Action|Crime|Romance
2303,Trekkies (1997),Documentary
2304,Big Daddy (1999),Comedy
2305,"Boys, The (1997)",Drama
2306,"Dinner Game, The (Le Dîner de cons) (1998)",Comedy
2307,My Son the Fanatic (1998),Comedy|Drama|Romance
2308,Arachnophobia (1990),Action|Comedy|Sci-Fi|Thriller
2309,"South Park: Bigger, Longer and Uncut (1999)",Animation|Comedy
2310,Wild Wild West (1999),Action|Sci-Fi|Western
2311,Summer of Sam (1999),Drama
2312,"Lovers on the Bridge, The (Les Amants du Pont-Neuf) (1991)",Drama|Romance
2313,"Late August, Early September (Fin août, début septembre) (1998)",Drama
2314,American Pie (1999),Comedy
2315,Arlington Road (1999),Thriller
2316,"Autumn Tale, An (Conte d'automne) (1998)",Romance
2317,Muppets From Space (1999),Children's|Comedy
2318,"Blair Witch Project, The (1999)",Horror
2319,My Life So Far (1999),Drama
2320,Eyes Wide Shut (1999),Drama
2321,Lake Placid (1999),Horror|Thriller
2322,"Wood, The (1999)",Drama
2323,"Velocity of Gary, The (1998)",Comedy|Romance
2324,Ghostbusters (1984),Comedy|Horror
2325,Ghostbusters II (1989),Comedy|Horror
2326,Drop Dead Gorgeous (1999),Comedy
2327,"Haunting, The (1999)",Horror|Thriller
2328,Inspector Gadget (1999),Action|Adventure|Children's|Comedy
2329,Trick (1999),Romance
2330,Deep Blue Sea (1999),Action|Sci-Fi|Thriller
2331,Mystery Men (1999),Action|Adventure|Comedy
2332,Runaway Bride (1999),Comedy|Romance
2333,Twin Falls Idaho (1999),Drama
2334,"Killing, The (1956)",Crime|Film-Noir
2335,Killer's Kiss (1955),Film-Noir
2336,Spartacus (1960),Drama
2337,Lolita (1962),Drama
2338,Barry Lyndon (1975),Drama
2339,"400 Blows, The (Les Quatre cents coups) (1959)",Drama
2340,Jules and Jim (Jules et Jim) (1961),Drama
2341,Vibes (1988),Adventure|Comedy
2342,"Mosquito Coast, The (1986)",Drama
2343,"Golden Child, The (1986)",Action|Adventure|Comedy
2344,Brighton Beach Memoirs (1986),Comedy
2345,Assassination (1987),Action
2346,Crimes of the Heart (1986),Comedy|Drama
2347,"Color Purple, The (1985)",Drama
2348,"Kindred, The (1986)",Horror
2349,No Mercy (1986),Action|Thriller
2350,Native Son (1986),Drama
2351,Otello (1986),Drama
2352,"Mission, The (1986)",Drama
2353,Little Shop of Horrors (1986),Comedy|Horror|Musical
2354,"Little Shop of Horrors, The (1960)",Comedy|Horror
2355,Allan Quartermain and the Lost City of Gold (1987),Action|Adventure
2356,"Morning After, The (1986)",Drama|Mystery
2357,Radio Days (1987),Comedy|Drama
2358,From the Hip (1987),Comedy
2359,Outrageous Fortune (1987),Comedy|Mystery
2360,"Bedroom Window, The (1987)",Thriller
2361,Deadtime Stories (1987),Horror
2362,Light of Day (1987),Drama
2363,Wanted: Dead or Alive (1987),Action
2364,Frances (1982),Drama
2365,Plenty (1985),Drama
2366,Dick (1999),Comedy
2367,"Gambler, The (A Játékos) (1997)",Drama
2368,"Iron Giant, The (1999)",Animation|Children's
2369,"Sixth Sense, The (1999)",Thriller
2370,"Thomas Crown Affair, The (1999)",Action|Thriller
2371,"Thomas Crown Affair, The (1968)",Crime|Drama|Thriller
2372,"Acid House, The (1998)",Comedy|Drama
2373,"Adventures of Sebastian Cole, The (1998)",Comedy|Drama
2374,Illuminata (1998),Comedy
2375,Stiff Upper Lips (1998),Comedy
2376,"Yards, The (1999)",Crime|Mystery
2377,Bowfinger (1999),Comedy
2378,Brokedown Palace (1999),Drama
2379,Detroit Rock City (1999),Comedy
2380,Alice and Martin (Alice et Martin) (1998),Drama
2381,Better Than Chocolate (1999),Comedy|Romance
2382,Head On (1998),Drama
2383,"Marcello Mastroianni: I Remember Yes, I Remember (1997)",Documentary
2384,Cobra (1925),Drama
2385,Never Talk to Strangers (1995),Thriller
2386,Heaven Can Wait (1978),Comedy
2387,"Raven, The (1963)",Comedy|Horror
2388,"Tingler, The (1959)",Horror
2389,Pit and the Pendulum (1961),Horror
2390,"Tomb of Ligeia, The (1965)",Horror
2391,"Masque of the Red Death, The (1964)",Horror
2392,Tales of Terror (1962),Horror
2393,Haunted Honeymoon (1986),Comedy
2394,Cat's Eye (1985),Horror
2395,And Now for Something Completely Different (1971),Comedy
2396,Damien: Omen II (1978),Horror
2397,"Final Conflict, The (a.k.a. Omen III: The Final Conflict) (1981)",Horror
2398,Airplane! (1980),Comedy
2399,Airplane II: The Sequel (1982),Comedy
2400,"American Werewolf in Paris, An (1997)",Comedy|Horror
2401,European Vacation (1985),Comedy
2402,Vacation (1983),Comedy
2403,Funny Farm (1988),Comedy
2404,Big (1988),Comedy|Fantasy
2405,Problem Child (1990),Comedy
2406,Problem Child 2 (1991),Comedy
2407,Little Nemo: Adventures in Slumberland (1992),Animation|Children's
2408,Oscar and Lucinda (a.k.a. Oscar & Lucinda) (1997),Drama|Romance
2409,Tequila Sunrise (1988),Action|Romance|Thriller
2410,"Pelican Brief, The (1993)",Thriller
2411,"Christmas Story, A (1983)",Comedy|Drama
2412,Mickey Blue Eyes (1999),Comedy|Romance
2413,Teaching Mrs. Tingle (1999),Comedy|Thriller
2414,Universal Soldier: The Return (1999),Action|Sci-Fi
2415,Universal Soldier (1992),Action|Sci-Fi
2416,Love Stinks (1999),Comedy
2417,Perfect Blue (1997),Animation|Mystery
2418,In Too Deep (1999),Action|Thriller
2419,"Source, The (1999)",Documentary
2420,"Bat, The (1959)",Horror
2421,Iron Eagle (1986),Action|War
2422,Iron Eagle II (1988),Action|War
2423,Aces: Iron Eagle III (1992),Action|War
2424,Iron Eagle IV (1995),Action|War
2425,Three Days of the Condor (1975),Thriller
2426,Hamlet (1964),Drama
2427,Medicine Man (1992),Adventure|Romance
2428,On the Ropes (1999),Documentary
2429,"13th Warrior, The (1999)",Action|Horror|Thriller
2430,"Astronaut's Wife, The (1999)",Sci-Fi|Thriller
2431,Dudley Do-Right (1999),Children's|Comedy
2432,"Muse, The (1999)",Comedy|Drama
2433,Cabaret Balkan (Bure Baruta) (1998),Drama
2434,"Dog of Flanders, A (1999)",Drama
2435,Lucie Aubrac (1997),Romance|War
2436,"Very Thought of You, The (1998)",Comedy|Romance
2437,Chill Factor (1999),Action|Thriller
2438,Outside Providence (1999),Comedy
2439,Bedrooms & Hallways (1998),Comedy|Romance
2440,West Beirut (West Beyrouth) (1998),Drama
2441,Stigmata (1999),Thriller
2442,Stir of Echoes (1999),Thriller
2443,Best Laid Plans (1999),Crime|Drama
2444,"Black Cat, White Cat (Crna macka, beli macor) (1998)",Comedy|Romance
2445,"Minus Man, The (1999)",Drama|Mystery
2446,"Adventures of Milo and Otis, The (1986)",Children's
2447,Only Angels Have Wings (1939),Drama
2448,Othello (1952),Drama
2449,Queens Logic (1991),Comedy|Drama
2450,Public Access (1993),Drama|Thriller
2451,Saturn 3 (1979),Adventure|Sci-Fi|Thriller
2452,"Soldier's Story, A (1984)",Drama
2453,"Communion (a.k.a. Alice, Sweet Alice/Holy Terror) (1977)",Horror
2454,Don't Look in the Basement! (1973),Horror
2455,Nightmares (1983),Horror
2456,I Saw What You Did (1965),Thriller
2457,Yellow Submarine (1968),Animation|Musical
2458,American Beauty (1999),Comedy|Drama
2459,Stop Making Sense (1984),Documentary
2460,Blue Streak (1999),Comedy
2461,For Love of the Game (1999),Comedy|Drama
2462,Caligula (1980),Drama
2463,"Hard Day's Night, A (1964)",Comedy|Musical
2464,Splendor (1999),Comedy
2465,Sugar Town (1999),Comedy
2466,"Buddy Holly Story, The (1978)",Drama
2467,Fright Night (1985),Comedy|Horror
2468,Fright Night Part II (1989),Horror
2469,Barefoot in the Park (1967),Comedy
2470,Deliverance (1972),Adventure|Thriller
2471,Excalibur (1981),Action|Drama|Fantasy|Romance
2472,Lulu on the Bridge (1998),Drama|Mystery|Romance
2473,"Pajama Game, The (1957)",Comedy
2474,Sommersby (1993),Drama|Mystery|Romance
2475,Thumbelina (1994),Animation|Children's
2476,Tommy (1975),Drama|Musical
2477,Hell Night (1981),Horror
2478,Operation Condor (Feiying gaiwak) (1990),Action|Adventure|Comedy
2479,Operation Condor 2 (Longxiong hudi) (1990),Action|Adventure|Comedy
2480,Double Jeopardy (1999),Action|Thriller
2481,Jakob the Liar (1999),Drama
2482,Mumford (1999),Comedy
2483,Dog Park (1998),Comedy|Romance
2484,Guinevere (1999),Drama|Romance
2485,"Adventures of Elmo in Grouchland, The (1999)",Children's|Comedy
2486,Drive Me Crazy (1999),Comedy|Romance
2487,"Mystery, Alaska (1999)",Comedy
2488,Three Kings (1999),Drama|War
2489,"Happy, Texas (1999)",Comedy
2490,New Rose Hotel (1998),Action|Drama
2491,Plunkett & MaCleane (1999),Action|Drama
2492,Romance (1999),Drama|Romance
2493,Alvarez Kelly (1966),Western
2494,And the Ship Sails On (E la nave va) (1984),Comedy|War
2495,"Dark Half, The (1993)",Horror|Mystery
2496,Gulliver's Travels (1939),Adventure|Animation|Children's
2497,Monkey Shines (1988),Horror|Sci-Fi
2498,Phantasm (1979),Horror|Sci-Fi
2499,Psycho II (1983),Horror|Thriller
2500,Psycho III (1986),Horror|Thriller
2501,Rain (1932),Drama
2502,Sanjuro (1962),Action|Adventure
2503,Random Hearts (1999),Drama|Romance
2504,Superstar (1999),Comedy
2505,Boys Don't Cry (1999),Drama
2506,"Grandfather, The (El Abuelo) (1998)",Drama
2507,"Limey, The (1999)",Action|Crime|Drama
2508,"Mating Habits of the Earthbound Human, The (1998)",Comedy
2509,Molly (1999),Comedy|Drama
2510,Risky Business (1983),Comedy
2511,Total Recall (1990),Action|Adventure|Sci-Fi|Thriller
2512,Body Heat (1981),Crime|Thriller
2513,Ferris Bueller's Day Off (1986),Comedy
2514,Year of Living Dangerously (1982),Drama|Romance
2515,Children of Paradise (Les enfants du paradis) (1945),Drama|Romance
2516,High Plains Drifter (1972),Western
2517,Hang 'em High (1967),Western
2518,Citizen's Band (a.k.a. Handle with Care) (1977),Comedy
2519,Drunken Master (Zui quan) (1979),Action|Comedy
2520,"Conformist, The (Il Conformista) (1970)",Drama
2521,Hairspray (1988),Comedy|Drama
2522,Brief Encounter (1946),Drama|Romance
2523,"Razor's Edge, The (1984)",Drama
2524,Reds (1981),Drama
2525,Return with Honor (1998),Documentary
2526,Time of the Gypsies (Dom za vesanje) (1989),Drama
2527,Days of Heaven (1978),Drama
2528,"Fire Within, The (Le Feu Follet) (1963)",Drama
2529,"Love Bewitched, A (El Amor Brujo) (1986)",Musical
2530,"Lady Eve, The (1941)",Comedy|Romance
2531,Sullivan's Travels (1942),Comedy
2532,"Palm Beach Story, The (1942)",Comedy
2533,Man Facing Southeast (Hombre Mirando al Sudeste) (1986),Drama
2534,Niagara (1953),Drama|Thriller
2535,Gilda (1946),Film-Noir
2536,South Pacific (1958),Musical|Romance|War
2537,Flashdance (1983),Drama|Romance
2538,Indochine (1992),Drama|Romance
2539,"Dirty Dozen, The (1967)",Action|War
2540,Mike's Murder (1984),Mystery
2541,Help! (1965),Comedy|Musical
2542,Goldfinger (1964),Action
2543,From Russia with Love (1963),Action
2544,Dr. No (1962),Action
2545,"Blue Lagoon, The (1980)",Adventure|Drama|Romance
2546,"Fistful of Dollars, A (1964)",Action|Western
2547,"Hard 8 (a.k.a. Sydney, a.k.a. Hard Eight) (1996)",Crime|Thriller
2548,Home Alone 2: Lost in New York (1992),Children's|Comedy
2549,Someone to Watch Over Me (1987),Action|Crime|Thriller
2550,Fight Club (1999),Drama
2551,"Story of Us, The (1999)",Comedy|Drama
2552,Fever Pitch (1997),Comedy|Romance
2553,Joe the King (1999),Crime|Drama
2554,Julien Donkey-Boy (1999),Drama
2555,"Omega Code, The (1999)",Action
2556,"Straight Story, The (1999)",Drama
2557,"Bad Seed, The (1956)",Drama|Thriller
2558,Time Bandits (1981),Adventure|Fantasy|Sci-Fi
2559,"Man and a Woman, A (Un Homme et une Femme) (1966)",Drama|Romance
2560,Fitzcarraldo (1982),Adventure|Drama
2561,All That Jazz (1979),Musical
2562,Red Sorghum (Hong Gao Liang) (1987),Drama|War
2563,Crimes and Misdemeanors (1989),Comedy
2564,Bats (1999),Horror|Thriller
2565,"Best Man, The (1999)",Drama
2566,Bringing Out the Dead (1999),Drama|Horror
2567,Crazy in Alabama (1999),Comedy|Drama
2568,Three to Tango (1999),Comedy|Romance
2569,Body Shots (1999),Drama
2570,"Brother, Can You Spare a Dime? (1975)",Documentary
2571,"Guardian, The (1990)",Horror|Thriller
2572,"Ipcress File, The (1965)",Thriller
2573,On Any Sunday (1971),Documentary
2574,Robocop (1987),Action|Crime|Sci-Fi
2575,Robocop 2 (1990),Action|Crime|Sci-Fi
2576,Who Framed Roger Rabbit? (1988),Adventure|Animation|Film-Noir
2577,Melvin and Howard (1980),Drama
2578,For Your Eyes Only (1981),Action
2579,Licence to Kill (1989),Action
2580,Live and Let Die (1973),Action
2581,Rawhead Rex (1986),Horror|Thriller
2582,Thunderball (1965),Action
2583,"City, The (1998)",Drama
2584,"House on Haunted Hill, The (1999)",Horror
2585,Music of the Heart (1999),Drama
2586,Being John Malkovich (1999),Comedy
2587,Dreaming of Joseph Lees (1998),Romance
2588,"Princess Mononoke, The (Mononoke Hime) (1997)",Action|Adventure|Animation
2589,"Suburbans, The (1999)",Drama
2590,My Best Fiend (Mein liebster Feind) (1999),Documentary
2591,Train of Life (Train De Vie) (1998),Comedy|Drama
2592,"Bachelor, The (1999)",Comedy|Romance
2593,"Bone Collector, The (1999)",Thriller
2594,"Insider, The (1999)",Drama
2595,American Movie (1999),Documentary
2596,Last Night (1998),Thriller
2597,Rosetta (1999),Drama
2598,"They Shoot Horses, Don't They? (1969)",Drama
2599,Battling Butler (1926),Comedy
2600,Bride of Re-Animator (1990),Comedy|Horror
2601,Bustin' Loose (1981),Comedy
2602,Coma (1978),Thriller
2603,Creepshow (1982),Horror
2604,Creepshow 2 (1987),Horror
2605,Re-Animator (1985),Horror
2606,Drugstore Cowboy (1989),Crime|Drama
2607,Falling Down (1993),Action|Drama
2608,"Funhouse, The (1981)",Horror
2609,"General, The (1927)",Comedy
2610,Piranha (1978),Horror|Sci-Fi
2611,Rough Night in Jericho (1967),Western
2612,Slaughterhouse (1987),Horror
2613,Slaughterhouse 2 (1988),Horror
2614,"Taming of the Shrew, The (1967)",Comedy
2615,Nighthawks (1981),Action|Drama
2616,Yojimbo (1961),Comedy|Drama|Western
2617,Repossessed (1990),Comedy
2618,"Omega Man, The (1971)",Sci-Fi
2619,Spaceballs (1987),Comedy|Sci-Fi
2620,Robin Hood (1973),Animation|Children's
2621,Mister Roberts (1955),Comedy|Drama|War
2622,Quest for Fire (1981),Adventure
2623,Little Big Man (1970),Comedy|Drama|Western
2624,"Face in the Crowd, A (1957)",Drama
2625,Trading Places (1983),Comedy
2626,Meatballs (1979),Comedy
2627,Meatballs Part II (1984),Comedy
2628,Meatballs III (1987),Comedy
2629,Meatballs 4 (1992),Comedy
2630,Dead Again (1991),Mystery|Romance|Thriller
2631,Peter's Friends (1992),Comedy|Drama
2632,"Incredibly True Adventure of Two Girls in Love, The (1995)",Comedy|Romance
2633,Experience Preferred... But Not Essential (1982),Drama
2634,Under the Rainbow (1981),Comedy
2635,How I Won the War (1967),Comedy|War
2636,Light It Up (1999),Drama
2637,Anywhere But Here (1999),Drama
2638,Dogma (1999),Comedy
2639,"Messenger: The Story of Joan of Arc, The (1999)",Drama|War
2640,Pokémon: The First Movie (1998),Animation|Children's
2641,Felicia's Journey (1999),Thriller
2642,Oxygen (1999),Thriller
2643,"Ape, The (1940)",Horror|Sci-Fi
2644,"Commitments, The (1991)",Comedy|Drama
2645,Holiday Inn (1942),Comedy|Musical
2646,"Longest Day, The (1962)",Action|Drama|War
2647,Poison Ivy (1992),Thriller
2648,Poison Ivy: New Seduction (1997),Thriller
2649,Tora! Tora! Tora! (1970),War
2650,Women on the Verge of a Nervous Breakdown (1988),Comedy|Drama
2651,"Verdict, The (1982)",Drama
2652,"Effect of Gamma Rays on Man-in-the-Moon Marigolds, The (1972)",Drama
2653,"Adventures of Buckaroo Bonzai Across the 8th Dimension, The (1984)",Adventure|Comedy|Sci-Fi
2654,Stand and Deliver (1987),Drama
2655,Moonstruck (1987),Comedy
2656,"Sandpiper, The (1965)",Drama|Romance
2657,Jeremiah Johnson (1972),Western
2658,Repulsion (1965),Thriller
2659,Irma la Douce (1963),Comedy
2660,42 Up (1998),Documentary
2661,Liberty Heights (1999),Drama
2662,Mansfield Park (1999),Drama
2663,Sleepy Hollow (1999),Horror|Romance
2664,"World Is Not Enough, The (1999)",Action|Thriller
2665,All About My Mother (Todo Sobre Mi Madre) (1999),Comedy|Drama
2666,March of the Wooden Soldiers (a.k.a. Laurel & Hardy in Toyland) (1934),Comedy
2667,Scrooged (1988),Comedy
2668,Harvey (1950),Comedy
2669,"Bicycle Thief, The (Ladri di biciclette) (1948)",Drama
2670,Matewan (1987),Drama
2671,Kagemusha (1980),Drama|War
2672,Chushingura (1962),Drama
2673,McCabe & Mrs. Miller (1971),Drama|Western
2674,Maurice (1987),Drama|Romance
2675,"Grapes of Wrath, The (1940)",Drama
2676,My Man Godfrey (1957),Comedy
2677,"Shop Around the Corner, The (1940)",Comedy|Romance
2678,"Natural, The (1984)",Drama
2679,Shampoo (1975),Comedy|Romance
2680,"River Runs Through It, A (1992)",Drama
2681,Fatal Attraction (1987),Thriller
2682,Jagged Edge (1985),Thriller
2683,Stanley & Iris (1990),Drama|Romance
2684,Midnight Run (1988),Action|Adventure|Comedy|Crime
2685,Awakenings (1990),Drama
2686,Come See the Paradise (1990),Drama|Romance
2687,Backdraft (1991),Action|Drama
2688,"Fisher King, The (1991)",Comedy|Drama|Romance
2689,"River, The (1984)",Drama
2690,Country (1984),Drama
2691,Places in the Heart (1984),Drama
2692,'Night Mother (1986),Drama
2693,End of Days (1999),Action|Thriller
2694,Toy Story 2 (1999),Animation|Children's|Comedy
2695,Flawless (1999),Drama
2696,Miss Julie (1999),Drama
2697,Ride with the Devil (1999),Drama|Romance|War
2698,Tumbleweeds (1999),Drama
2699,"Distinguished Gentleman, The (1992)",Comedy
2700,"Hitch-Hiker, The (1953)",Film-Noir
2701,Santa Fe Trail (1940),Drama|Romance|Western
2702,Agnes Browne (1999),Comedy|Drama
2703,"End of the Affair, The (1999)",Drama
2704,Holy Smoke (1999),Drama
2705,"Map of the World, A (1999)",Drama
2706,Sweet and Lowdown (1999),Comedy|Drama
2707,Bonfire of the Vanities (1990),Comedy
2708,Daddy Long Legs (1919),Comedy
2709,Go West (1925),Comedy
2710,"Grand Illusion (Grande illusion, La) (1937)",Drama|War
2711,"Great Santini, The (1979)",Drama
2712,"Sea Wolves, The (1980)",Action|War
2713,Stealing Home (1988),Drama
2714,Tarzan the Fearless (1933),Action|Adventure
2715,"Three Ages, The (1923)",Comedy
2716,"Two Jakes, The (1990)",Drama
2717,U2: Rattle and Hum (1988),Documentary|Musical
2718,Hell in the Pacific (1968),Drama|War
2719,"Glass Bottom Boat, The (1966)",Comedy|Romance
2720,"Cradle Will Rock, The (1999)",Drama
2721,Deuce Bigalow: Male Gigolo (1999),Comedy
2722,"Green Mile, The (1999)",Drama|Thriller
2723,"Cider House Rules, The (1999)",Drama
2724,Diamonds (1999),Mystery
2725,"War Zone, The (1999)",Drama
2726,"Last Picture Show, The (1971)",Drama
2727,"7th Voyage of Sinbad, The (1958)",Action|Adventure|Fantasy
2728,Blood on the Sun (1945),Drama|War
2729,Anna and the King (1999),Drama|Romance
2730,Bicentennial Man (1999),Comedy|Drama|Sci-Fi
2731,Stuart Little (1999),Children's|Comedy
2732,"Emperor and the Assassin, The (Jing ke ci qin wang) (1999)",Drama
2733,Fantasia 2000 (1999),Animation|Children's|Musical
2734,Magnolia (1999),Drama
2735,Onegin (1999),Drama
2736,Simpatico (1999),Comedy|Drama
2737,Topsy-Turvy (1999),Drama
2738,Boiling Point (1993),Action|Drama
2739,Brenda Starr (1989),Adventure
2740,Carnal Knowledge (1971),Drama
2741,Easy Rider (1969),Adventure|Drama
2742,"Falcon and the Snowman, The (1984)",Drama
2743,Room at the Top (1959),Drama
2744,Any Given Sunday (1999),Drama
2745,Man on the Moon (1999),Comedy|Drama
2746,Galaxy Quest (1999),Adventure|Comedy|Sci-Fi
2747,"Talented Mr. Ripley, The (1999)",Drama|Mystery|Thriller
2748,Next Friday (1999),Comedy
2749,"Hurricane, The (1999)",Drama
2750,Angela's Ashes (1999),Drama
2751,Play it to the Bone (1999),Comedy|Drama
2752,Titus (1999),Drama
2753,Mr. Death: The Rise and Fall of Fred A. Leuchter Jr. (1999),Documentary
2754,"Third Miracle, The (1999)",Drama
2755,Montana (1998),Action|Comedy|Crime|Drama
2756,Snow Falling on Cedars (1999),Drama
2757,"Girl, Interrupted (1999)",Drama
2758,"Life and Times of Hank Greenberg, The (1998)",Documentary
2759,My Dog Skip (1999),Comedy
2760,Supernova (2000),Adventure|Sci-Fi
2761,"Terrorist, The (Malli) (1998)",Drama
2762,"Way We Were, The (1973)",Drama
2763,Stalag 17 (1953),Drama|War
2764,"Presidio, The (1988)",Action
2765,Papillon (1973),Drama
2766,Pal Joey (1957),Comedy|Musical|Romance
2767,"Last Detail, The (1973)",Comedy|Drama
2768,Five Easy Pieces (1970),Drama
2769,Dead Calm (1989),Thriller
2770,"Boys from Brazil, The (1978)",Thriller
2771,Against All Odds (1984),Romance
2772,"Snows of Kilimanjaro, The (1952)",Adventure
2773,Loaded Weapon 1 (1993),Action|Comedy
2774,Fast Times at Ridgemont High (1982),Comedy
2775,"Cry in the Dark, A (1988)",Drama
2776,Batman: Mask of the Phantasm (1993),Animation|Children's
2777,American Flyers (1985),Drama
2778,Voyage of the Damned (1976),Drama
2779,"Star Is Born, A (1937)",Drama
2780,Poison (1991),Drama
2781,Pacific Heights (1990),Thriller
2782,"Draughtsman's Contract, The (1982)",Drama
2783,Carmen (1984),Drama
2784,"Zed & Two Noughts, A (1985)",Drama
2785,Woman in the Dunes (Suna no onna) (1964),Drama
2786,Down to You (2000),Comedy|Romance
2787,"Odessa File, The (1974)",Thriller
2788,Seven Chances (1925),Comedy
2789,Where the Buffalo Roam (1980),Comedy
2790,Eye of the Beholder (1999),Thriller
2791,Isn't She Great? (2000),Comedy
2792,"Big Tease, The (1999)",Comedy
2793,"Cup, The (Phörpa) (1999)",Comedy
2794,Encino Man (1992),Comedy
2795,"Goodbye Girl, The (1977)",Comedy|Romance
2796,I Am Cuba (Soy Cuba/Ya Kuba) (1964),Drama
2797,Malcolm X (1992),Drama
2798,Sister Act (1992),Comedy|Crime
2799,Sister Act 2: Back in the Habit (1993),Comedy
2800,"Hand That Rocks the Cradle, The (1992)",Thriller
2801,Alive (1993),Drama
2802,Agnes of God (1985),Drama|Mystery
2803,Scent of a Woman (1992),Drama
2804,Wayne's World (1992),Comedy
2805,Wayne's World 2 (1993),Comedy
2806,"League of Their Own, A (1992)",Comedy|Drama
2807,Patriot Games (1992),Action|Thriller
2808,"Bodyguard, The (1992)",Action|Drama|Romance|Thriller
2809,Death Becomes Her (1992),Comedy
2810,Far and Away (1992),Drama|Romance
2811,Howards End (1992),Drama
2812,Singles (1992),Comedy|Drama|Romance
2813,Twin Peaks: Fire Walk with Me (1992),Drama|Mystery
2814,White Men Can't Jump (1992),Comedy
2815,Buffy the Vampire Slayer (1992),Comedy|Horror
2816,Hard-Boiled (Lashou shentan) (1992),Action|Crime
2817,Man Bites Dog (C'est arrivé près de chez vous) (1992),Action|Comedy|Crime|Drama
2818,"Mariachi, El (1992)",Action|Thriller
2819,Stop! Or My Mom Will Shoot (1992),Action|Comedy
2820,Forever Young (1992),Adventure|Romance|Sci-Fi
2821,"Cutting Edge, The (1992)",Drama
2822,Of Mice and Men (1992),Drama
2823,Bad Lieutenant (1992),Crime|Drama
2824,Scream 3 (2000),Horror|Mystery|Thriller
2825,Single White Female (1992),Action
2826,"Boondock Saints, The (1999)",Action|Comedy
2827,Gun Shy (2000),Comedy
2828,"Brandon Teena Story, The (1998)",Documentary
2829,Different for Girls (1996),Comedy
2830,Minnie and Moskowitz (1971),Action
2831,They Might Be Giants (1971),Comedy|Romance
2832,"Beach, The (2000)",Adventure|Drama
2833,Snow Day (2000),Comedy
2834,"Tigger Movie, The (2000)",Animation|Children's
2835,Not One Less (Yi ge dou bu neng shao) (1999),Drama
2836,"Big Combo, The (1955)",Film-Noir
2837,Conceiving Ada (1997),Drama|Sci-Fi
2838,To Sir with Love (1967),Drama
2839,Boiler Room (2000),Drama
2840,Hanging Up (2000),Comedy|Drama
2841,Pitch Black (2000),Action|Sci-Fi
2842,"Whole Nine Yards, The (2000)",Comedy|Crime
2843,Beautiful People (1999),Comedy
2844,Black Tar Heroin: The Dark End of the Street (1999),Documentary
2845,Blue Collar (1978),Crime|Drama
2846,"Circus, The (1928)",Comedy
2847,City Lights (1931),Comedy|Drama|Romance
2848,"Flamingo Kid, The (1984)",Comedy|Drama
2849,"Dog's Life, A (1920)",Comedy
2850,"Kid, The (1921)",Action
2851,"Man from Laramie, The (1955)",Western
2852,Class Reunion (1982),Comedy
2853,Reindeer Games (2000),Action|Thriller
2854,Wonder Boys (2000),Comedy|Drama
2855,Deterrence (1998),Thriller
2856,Judy Berlin (1999),Drama
2857,Mifune (Mifunes sidste sang) (1999),Comedy|Romance
2858,Drowning Mona (2000),Comedy
2859,"Next Best Thing, The (2000)",Comedy|Drama
2860,What Planet Are You From? (2000),Comedy|Sci-Fi
2861,Beyond the Mat (2000),Documentary
2862,Ghost Dog: The Way of the Samurai (1999),Crime|Drama
2863,"Year My Voice Broke, The (1987)",Drama
2864,Splendor in the Grass (1961),Drama
2865,My Tutor (1983),Drama
2866,"Killing of Sister George, The (1968)",Drama
2867,Key Largo (1948),Crime|Drama|Film-Noir|Thriller
2868,Jail Bait (1954),Crime|Drama
2869,For All Mankind (1989),Documentary
2870,Cross of Iron (1977),War
2871,Bride of the Monster (1956),Horror|Sci-Fi
2872,Born Yesterday (1950),Comedy
2873,Birdy (1984),Drama|War
2874,And God Created Woman (1988),Comedy|Drama|Romance
2875,Blood Feast (1963),Horror
2876,"Charlie, the Lonesome Cougar (1967)",Adventure|Children's
2877,Color Me Blood Red (1965),Horror
2878,Never Cry Wolf (1983),Drama
2879,"Perils of Pauline, The (1947)",Comedy
2880,"Raisin in the Sun, A (1961)",Drama
2881,Two Thousand Maniacs! (1964),Horror
2882,Mission to Mars (2000),Sci-Fi
2883,"Ninth Gate, The (2000)",Thriller
2884,East-West (Est-ouest) (1999),Drama|Romance
2885,Defending Your Life (1991),Comedy|Romance
2886,Breaking Away (1979),Drama
2887,Hoosiers (1986),Drama
2888,Bull Durham (1988),Comedy
2889,Dog Day Afternoon (1975),Comedy|Crime|Drama
2890,American Graffiti (1973),Comedy|Drama
2891,"Asphalt Jungle, The (1950)",Crime|Film-Noir
2892,"Searchers, The (1956)",Western
2893,Where Eagles Dare (1969),Action|Adventure|War
2894,"Devil's Brigade, The (1968)",War
2895,"Big Country, The (1958)",Romance|Western
2896,Betrayed (1988),Drama|Thriller
2897,Bound for Glory (1976),Drama
2898,"Bridge at Remagen, The (1969)",Action|War
2899,Daughters of the Dust (1992),Drama
2900,Destination Moon (1950),Sci-Fi
2901,On the Beach (1959),Drama
2902,"Taking of Pelham One Two Three, The (1974)",Action
2903,Volunteers (1985),Comedy
2904,JFK (1991),Drama|Mystery
2905,Who's Harry Crumb? (1989),Comedy
2906,Harry and the Hendersons (1987),Comedy
2907,Let's Get Harry (1986),Action|Adventure
2908,Shanghai Surprise (1986),Adventure
2909,Who's That Girl? (1987),Comedy
2910,She-Devil (1989),Comedy
2911,Date with an Angel (1987),Comedy|Fantasy
2912,Blind Date (1987),Comedy|Romance
2913,Nadine (1987),Comedy
2914,"Muppet Movie, The (1979)",Children's|Comedy
2915,"Great Muppet Caper, The (1981)",Children's|Comedy
2916,"Muppets Take Manhattan, The (1984)",Children's|Comedy
2917,Sesame Street Presents Follow That Bird (1985),Children's|Comedy
2918,We're Back! A Dinosaur's Story (1993),Animation|Children's
2919,Baby... Secret of the Lost Legend (1985),Adventure|Sci-Fi
2920,Turtle Diary (1985),Drama
2921,Raise the Titanic (1980),Drama|Thriller
2922,Titanic (1953),Action|Drama
2923,"Night to Remember, A (1958)",Action|Drama
2924,Captain Horatio Hornblower (1951),Action|Adventure|War
2925,Erin Brockovich (2000),Drama
2926,Final Destination (2000),Drama|Thriller
2927,Soft Fruit (1999),Comedy|Drama
2928,"Bear, The (1988)",Adventure
2929,Love Is a Many-Splendored Thing (1955),Romance
2930,"Mirror, The (Zerkalo) (1975)",Drama
2931,"Trial, The (Le Procès) (1963)",Drama
2932,"Crimson Pirate, The (1952)",Adventure|Comedy|Sci-Fi
2933,Thelma & Louise (1991),Action|Drama
2934,Something for Everyone (1970),Comedy|Crime
2935,...And Justice for All (1979),Drama|Thriller
2936,Animal House (1978),Comedy
2937,She's Gotta Have It (1986),Comedy|Romance
2938,School Daze (1988),Drama
2939,Do the Right Thing (1989),Comedy|Drama
2940,Mo' Better Blues (1990),Drama
2941,Jungle Fever (1991),Drama|Romance
2942,Coogan's Bluff (1968),Crime
2943,"Champ, The (1979)",Drama
2944,Creature Comforts (1990),Animation|Comedy
2945,Death Wish (1974),Action|Drama
2946,Death Wish II (1982),Action|Drama
2947,Death Wish 3 (1985),Action|Drama
2948,Death Wish 4: The Crackdown (1987),Action|Drama
2949,Death Wish V: The Face of Death (1994),Action|Drama
2950,Double Indemnity (1944),Crime|Film-Noir
2951,Dying Young (1991),Drama|Romance
2952,Cool as Ice (1991),Drama
2953,Teenage Mutant Ninja Turtles (1990),Action|Children's|Fantasy
2954,Teenage Mutant Ninja Turtles II: The Secret of the Ooze (1991),Action|Children's|Fantasy
2955,Teenage Mutant Ninja Turtles III (1993),Action|Children's|Fantasy
2956,Red Dawn (1984),Action|War
2957,Band of the Hand (1986),Action
2958,Born American (1986),Action|Drama|Thriller
2959,Bloodsport (1988),Action
2960,Eyes of Laura Mars (1978),Mystery|Thriller
2961,Funny Bones (1995),Comedy
2962,"Good Earth, The (1937)",Drama
2963,"Good Morning, Vietnam (1987)",Comedy|Drama|War
2964,"Good Mother, The (1988)",Drama
2965,Grumpy Old Men (1993),Comedy
2966,Guess Who's Coming to Dinner (1967),Comedy|Drama
2967,Romeo Must Die (2000),Action|Romance
2968,Here on Earth (2000),Drama|Romance
2969,Whatever It Takes (2000),Comedy|Romance
2970,"Color of Paradise, The (Rang-e Khoda) (1999)",Drama
2971,Waking the Dead (1999),Drama
2972,Gothic (1986),Drama|Horror
2973,Lord of the Flies (1963),Adventure|Drama|Thriller
2974,Modern Times (1936),Comedy
2975,Last Resort (1994),Comedy
2976,Solar Crisis (1993),Sci-Fi|Thriller
2977,That's Life! (1986),Drama
2978,Heart and Souls (1993),Comedy|Fantasy
2979,Hud (1963),Drama|Western
2980,"Hustler, The (1961)",Drama
2981,Inherit the Wind (1960),Drama
2982,Dersu Uzala (1974),Adventure|Drama
2983,Close Encounters of the Third Kind (1977),Drama|Sci-Fi
2984,Jonah Who Will Be 25 in the Year 2000 (1976),Comedy
2985,Retroactive (1997),Sci-Fi|Thriller
2986,"Place in the Sun, A (1951)",Drama|Romance
2987,Jacob's Ladder (1990),Horror|Mystery|Thriller
2988,Empire Records (1995),Comedy|Drama
2989,"Bamba, La (1987)",Drama
2990,Ladyhawke (1985),Adventure|Fantasy|Romance
2991,Lucas (1986),Drama
2992,High Fidelity (2000),Comedy
2993,"Road to El Dorado, The (2000)",Animation|Children's
2994,"Skulls, The (2000)",Thriller
2995,Devil Girl From Mars (1954),Sci-Fi
2996,"Dorado, El (1967)",Western
2997,"Hideous Sun Demon, The (1959)",Horror|Sci-Fi
2998,Hook (1991),Adventure|Fantasy
2999,Horror Express (1972),Horror
3000,My Chauffeur (1986),Comedy
3001,"Son of the Sheik, The (1926)",Adventure
3002,True Grit (1969),Adventure|Western
3003,Roadside Prophets (1992),Comedy|Drama
3004,Madame Sousatzka (1988),Drama
3005,Max Dugan Returns (1983),Comedy
3006,Midnight Express (1978),Drama
3007,Misery (1990),Horror
3008,Mr. Saturday Night (1992),Comedy|Drama
3009,Murphy's Romance (1985),Comedy|Romance
3010,My Life (1993),Drama
3011,Solaris (Solyaris) (1972),Drama|Sci-Fi
3012,Network (1976),Comedy|Drama
3013,No Way Out (1987),Thriller
3014,North Dallas Forty (1979),Comedy|Drama
3015,"Odd Couple, The (1968)",Comedy
3016,"Outlaw Josey Wales, The (1976)",Western
3017,Black and White (1999),Drama
3018,Frequency (2000),Drama|Thriller
3019,Ready to Rumble (2000),Comedy
3020,Return to Me (2000),Drama|Romance
3021,Rules of Engagement (2000),Drama|Thriller
3022,Joe Gould's Secret (2000),Drama
3023,Me Myself I (2000),Comedy
3024,"Bell, Book and Candle (1958)",Comedy|Romance
3025,"End of Violence, The (1997)",Drama|Thriller
3026,Force 10 from Navarone (1978),Action|War
3027,How to Stuff a Wild Bikini (1965),Comedy
3028,Mystery Train (1989),Comedy|Crime|Drama
3029,Taffin (1988),Action|Thriller
3030,Arthur (1981),Comedy|Romance
3031,Bachelor Party (1984),Comedy
3032,Parenthood (1989),Comedy|Drama
3033,Predator (1987),Action|Sci-Fi|Thriller
3034,"Prince of Tides, The (1991)",Drama|Romance
3035,"Postman Always Rings Twice, The (1981)",Crime|Thriller
3036,All the Vermeers in New York (1990),Comedy|Drama|Romance
3037,Freedom for Us (À nous la liberté ) (1931),Comedy
3038,"Actor's Revenge, An (Yukinojo Henge) (1963)",Drama
3039,28 Days (2000),Comedy
3040,American Psycho (2000),Comedy|Horror|Thriller
3041,Keeping the Faith (2000),Comedy|Romance
3042,Where the Money Is (2000),Comedy|Drama
3043,East is East (1999),Comedy
3044,"Filth and the Fury, The (2000)",Documentary
3045,Passion of Mind (1999),Romance|Thriller
3046,Diner (1982),Comedy|Drama
3047,Shakes the Clown (1991),Comedy
3048,Cabaret (1972),Musical|War
3049,What Ever Happened to Baby Jane? (1962),Drama|Thriller
3050,Prick Up Your Ears (1987),Drama
3051,Auntie Mame (1958),Comedy|Drama
3052,Guys and Dolls (1955),Musical
3053,"Hunger, The (1983)",Horror
3054,Marathon Man (1976),Thriller
3055,Caddyshack (1980),Comedy
3056,Gossip (2000),Drama|Thriller
3057,Love and Basketball (2000),Drama|Romance
3058,U-571 (2000),Action|Thriller
3059,"Virgin Suicides, The (1999)",Comedy|Drama
3060,Jennifer 8 (1992),Thriller
3061,Limelight (1952),Drama
3062,Committed (2000),Comedy|Drama
3063,"Crow: Salvation, The (2000)",Action|Horror
3064,"Flintstones in Viva Rock Vegas, The (2000)",Children's|Comedy
3065,Where the Heart Is (2000),Comedy|Drama
3066,"Big Kahuna, The (2000)",Comedy|Drama
3067,Bossa Nova (1999),Comedy
3068,Smiling Fish and Goat on Fire (1999),Drama
3069,"Idiots, The (Idioterne) (1998)",Comedy|Drama
3070,"Last September, The (1999)",Drama
3071,Time Code (2000),Drama
3072,Carnosaur (1993),Horror|Sci-Fi
3073,Carnosaur 2 (1995),Horror|Sci-Fi
3074,Carnosaur 3: Primal Species (1996),Horror|Sci-Fi
3075,"Hidden, The (1987)",Action|Horror|Sci-Fi
3076,Two Moon Juction (1988),Drama
3077,Gladiator (2000),Action|Drama
3078,I Dreamed of Africa (2000),Drama
3079,Up at the Villa (2000),Drama
3080,Human Traffic (1999),Drama
3081,Breathless (1983),Action|Drama|Romance|Thriller
3082,"Great Locomotive Chase, The (1956)",Adventure|War
3083,"Idolmaker, The (1980)",Drama
3084,Inferno (1980),Horror
3085,"King of Marvin Gardens, The (1972)",Crime|Drama
3086,"Lords of Flatbush, The (1974)",Comedy
3087,Mr. Mom (1983),Comedy|Drama
3088,Time Masters (Les Maîtres du Temps) (1982),Animation|Sci-Fi
3089,Battlefield Earth (2000),Action|Sci-Fi
3090,Center Stage (2000),Drama
3091,Screwed (2000),Comedy
3092,Whipped (2000),Comedy
3093,Hamlet (2000),Drama
3094,Anchors Aweigh (1945),Comedy|Musical
3095,Blue Hawaii (1961),Comedy|Musical
3096,G. I. Blues (1960),Musical
3097,Gypsy (1962),Musical
3098,King Creole (1958),Drama|Musical
3099,On the Town (1949),Musical
3100,Pee-wee's Big Adventure (1985),Comedy
3101,Roustabout (1964),Musical
3102,Saludos Amigos (1943),Animation|Children's|Comedy
3103,"Slipper and the Rose, The (1976)",Adventure|Musical|Romance
3104,Things Change (1988),Comedy
3105,Honeymoon in Vegas (1992),Comedy|Romance
3106,Dinosaur (2000),Animation|Children's
3107,Loser (2000),Comedy|Romance
3108,Road Trip (2000),Comedy
3109,Small Time Crooks (2000),Comedy
3110,"Hollywood Knights, The (1980)",Comedy
3111,"Myth of Fingerprints, The (1997)",Comedy|Drama
3112,"Twelve Chairs, The (1970)",Comedy
3113,Mission: Impossible 2 (2000),Action|Thriller
3114,Shanghai Noon (2000),Action
3115,Better Living Through Circuitry (1999),Documentary
3116,8 1/2 Women (1999),Comedy
3117,Carnival of Souls (1962),Horror|Thriller
3118,Flying Tigers (1942),Action|Drama|War
3119,"Gold Rush, The (1925)",Comedy
3120,Monsieur Verdoux (1947),Comedy
3121,On Her Majesty's Secret Service (1969),Action
3122,Seven Days in May (1964),Thriller
3123,"Spy Who Loved Me, The (1977)",Action
3124,Those Who Love Me Can Take the Train (Ceux qui m'aiment prendront le train) (1998),Drama
3125,Vagabond (Sans toit ni loi) (1985),Drama
3126,Moonraker (1979),Action|Romance|Sci-Fi
3127,"Man with the Golden Gun, The (1974)",Action
3128,"King in New York, A (1957)",Comedy|Drama
3129,"Woman of Paris, A (1923)",Drama
3130,In Old California (1942),Western
3131,"Fighting Seabees, The (1944)",Action|Drama|War
3132,Dark Command (1940),Western
3133,Cleo From 5 to 7 (Cléo de 5 à 7) (1962),Drama
3134,Big Momma's House (2000),Comedy
3135,"Abominable Snowman, The (1957)",Horror|Sci-Fi
3136,American Gigolo (1980),Drama
3137,City of the Living Dead (Paura nella città dei morti viventi) (1980),Horror
3138,"Endless Summer, The (1966)",Documentary
3139,"Guns of Navarone, The (1961)",Action|Drama|War
3140,Blow-Out (La Grande Bouffe) (1973),Drama
3141,Pandora and the Flying Dutchman (1951),Drama
3142,Quatermass and the Pit (1967),Sci-Fi
3143,Quatermass II (1957),Sci-Fi|Thriller
3144,Puppet Master (1989),Horror|Sci-Fi|Thriller
3145,Puppet Master II (1990),Horror|Sci-Fi|Thriller
3146,Puppet Master III: Toulon's Revenge (1991),Horror|Sci-Fi|Thriller
3147,Puppet Master 4 (1993),Horror|Sci-Fi|Thriller
3148,Puppet Master 5: The Final Chapter (1994),Horror|Sci-Fi|Thriller
3149,Curse of the Puppet Master (1998),Horror|Sci-Fi|Thriller
3150,Retro Puppetmaster (1999),Horror|Sci-Fi|Thriller
3151,Rent-A-Cop (1988),Action|Comedy
3152,Romeo and Juliet (1968),Drama|Romance
3153,Stay Tuned (1992),Comedy
3154,"Story of G.I. Joe, The (1945)",War
3155,Blazing Saddles (1974),Comedy|Western
3156,Benji (1974),Adventure|Children's
3157,Benji the Hunted (1987),Adventure|Children's
3158,For the Love of Benji (1977),Adventure|Children's
3159,White Christmas (1954),Musical
3160,Eraserhead (1977),Drama|Horror
3161,Baraka (1992),Documentary
3162,"Man with the Golden Arm, The (1955)",Drama
3163,"Decline of Western Civilization, The (1981)",Documentary
3164,"Decline of Western Civilization Part II: The Metal Years, The (1988)",Documentary
3165,For a Few Dollars More (1965),Western
3166,Magnum Force (1973),Western
3167,Blood Simple (1984),Drama|Film-Noir
3168,"Fabulous Baker Boys, The (1989)",Drama|Romance
3169,Prizzi's Honor (1985),Comedy|Drama|Romance
3170,Flatliners (1990),Thriller
3171,Porky's (1981),Comedy
3172,Porky's II: The Next Day (1983),Comedy
3173,Porky's Revenge (1985),Comedy
3174,Private School (1983),Comedy
3175,Class of Nuke 'Em High (1986),Comedy|Horror
3176,"Toxic Avenger, The (1985)",Comedy|Horror
3177,"Toxic Avenger, Part II, The (1989)",Comedy|Horror
3178,"Toxic Avenger Part III: The Last Temptation of Toxie, The (1989)",Comedy|Horror
3179,Night of the Creeps (1986),Comedy|Horror|Sci-Fi
3180,Predator 2 (1990),Action|Sci-Fi|Thriller
3181,"Running Man, The (1987)",Action|Adventure|Sci-Fi
3182,Starman (1984),Adventure|Drama|Romance|Sci-Fi
3183,"Brother from Another Planet, The (1984)",Drama|Sci-Fi
3184,Alien Nation (1988),Crime|Drama|Sci-Fi
3185,Mad Max (1979),Action|Sci-Fi
3186,Mad Max 2 (a.k.a. The Road Warrior) (1981),Action|Sci-Fi
3187,Mad Max Beyond Thunderdome (1985),Action|Sci-Fi
3188,Bird on a Wire (1990),Action|Adventure|Romance|Thriller
3189,Angel Heart (1987),Film-Noir|Mystery|Thriller
3190,Nine 1/2 Weeks (1986),Drama
3191,Firestarter (1984),Horror|Thriller
3192,Sleepwalkers (1992),Horror
3193,Action Jackson (1988),Action|Comedy
3194,Sarafina! (1992),Drama
3195,Soapdish (1991),Comedy
3196,"Long Walk Home, The (1990)",Drama
3197,Clara's Heart (1988),Drama
3198,Burglar (1987),Comedy
3199,Fatal Beauty (1987),Action|Crime
3200,Gone in 60 Seconds (2000),Action|Crime
3201,American Pimp (1999),Documentary
3202,Love's Labour's Lost (2000),Comedy|Romance
3203,Sunshine (1999),Drama
3204,Trixie (1999),Comedy
3205,Hamlet (1990),Drama
3206,Coming Home (1978),Drama|War
3207,American Pop (1981),Animation|Musical
3208,Assault on Precinct 13 (1976),Action|Thriller
3209,Near Dark (1987),Comedy|Horror
3210,One False Move (1991),Thriller
3211,Shaft (1971),Action|Crime
3212,"Conversation, The (1974)",Drama|Mystery
3213,Cutter's Way (1981),Drama|Thriller
3214,"Fury, The (1978)",Horror
3215,"Paper Chase, The (1973)",Drama
3216,Prince of the City (1981),Drama
3217,Serpico (1973),Crime|Drama
3218,"Big Carnival, The (1951)",Drama
3219,Lonely Are the Brave (1962),Drama|Western
3220,"Sugarland Express, The (1974)",Drama
3221,Trouble in Paradise (1932),Comedy|Romance
3222,Big Trouble in Little China (1986),Action|Comedy
3223,Badlands (1973),Crime|Drama
3224,"Battleship Potemkin, The (Bronenosets Potyomkin) (1925)",Drama|War
3225,Boys and Girls (2000),Comedy|Romance
3226,Shaft (2000),Action|Crime
3227,Titan A.E. (2000),Adventure|Animation|Sci-Fi
3228,Butterfly (La Lengua de las Mariposas) (2000),Drama|War
3229,Jesus' Son (1999),Drama
3230,Time Regained (Le Temps Retrouvé) (1999),Drama
3231,Chicken Run (2000),Animation|Children's|Comedy
3232,"Me, Myself and Irene (2000)",Comedy
3233,"Patriot, The (2000)",Action|Drama|War
3234,"Adventures of Rocky and Bullwinkle, The (2000)",Animation|Children's|Comedy
3235,"Perfect Storm, The (2000)",Action|Adventure|Thriller
3236,"Golden Bowl, The (2000)",Drama
3237,Asylum (1972),Horror
3238,Communion (1989),Drama|Sci-Fi|Thriller
3239,Fun and Fancy Free (1947),Animation|Children's|Musical
3240,"Kentucky Fried Movie, The (1977)",Comedy
3241,"Blood In, Blood Out (a.k.a. Bound by Honor) (1993)",Crime|Drama
3242,F/X (1986),Action|Crime|Thriller
3243,F/X 2 (1992),Action|Crime|Thriller
3244,"Hot Spot, The (1990)",Drama|Romance
3245,Missing in Action (1984),Action|War
3246,Missing in Action 2: The Beginning (1985),Action|War
3247,Braddock: Missing in Action III (1988),Action|War
3248,Thunderbolt and Lightfoot (1974),Action
3249,Dreamscape (1984),Adventure|Crime|Sci-Fi|Thriller
3250,"Golden Voyage of Sinbad, The (1974)",Action|Adventure
3251,House Party (1990),Comedy
3252,House Party 2 (1991),Comedy
3253,Make Mine Music (1946),Animation|Children's|Musical
3254,Melody Time (1948),Animation|Children's|Musical
3255,Nekromantik (1987),Comedy|Horror
3256,On Our Merry Way (1948),Comedy|Drama
3257,Rocketship X-M (1950),Sci-Fi
3258,Shaft in Africa (1973),Action|Crime
3259,Shaft's Big Score! (1972),Action|Crime
3260,Croupier (1998),Crime|Drama
3261,"Kid, The (2000)",Comedy
3262,Scary Movie (2000),Comedy|Horror
3263,But I'm a Cheerleader (1999),Comedy
3264,Shower (Xizhao) (1999),Comedy
3265,Blowup (1966),Drama|Mystery
3266,"Pawnbroker, The (1965)",Drama
3267,Groove (2000),Drama
3268,Footloose (1984),Drama
3269,Duel in the Sun (1946),Western
3270,X-Men (2000),Action|Sci-Fi
3271,Chuck & Buck (2000),Comedy|Drama
3272,"Five Senses, The (1999)",Drama
3273,"Wisdom of Crocodiles, The (a.k.a. Immortality) (2000)",Romance|Thriller
3274,"In Crowd, The (2000)",Thriller
3275,What Lies Beneath (2000),Thriller
3276,Pokémon the Movie 2000 (2000),Animation|Children's
3277,Anatomy of a Murder (1959),Drama|Mystery
3278,Freejack (1992),Action|Sci-Fi
3279,Greaser's Palace (1972),Drama
3280,H.O.T.S. (1979),Comedy
3281,Knightriders (1981),Action|Adventure|Drama
3282,MacKenna's Gold (1969),Western
3283,Sinbad and the Eye of the Tiger (1977),Action|Adventure
3284,Two Women (La Ciociara) (1961),Drama|War
3285,What About Bob? (1991),Comedy
3286,White Sands (1992),Drama|Thriller
3287,Breaker Morant (1980),Drama|War
3288,Everything You Always Wanted to Know About Sex (1972),Comedy
3289,Interiors (1978),Drama
3290,Love and Death (1975),Comedy
3291,"Official Story, The (La Historia Oficial) (1985)",Drama
3292,"Other Side of Sunday, The (Søndagsengler) (1996)",Comedy|Drama
3293,Pot O' Gold (1941),Comedy|Musical
3294,Tampopo (1986),Comedy
3295,Thomas and the Magic Railroad (2000),Children's
3296,Nutty Professor II: The Klumps (2000),Comedy
3297,"Girl on the Bridge, The (La Fille sur le Pont) (1999)",Drama|Romance
3298,Wonderland (1999),Drama
3299,Autumn in New York (2000),Drama|Romance
3300,Coyote Ugly (2000),Drama
3301,Hollow Man (2000),Horror|Sci-Fi|Thriller
3302,Space Cowboys (2000),Action|Sci-Fi
3303,Psycho Beach Party (2000),Comedy|Horror|Thriller
3304,Saving Grace (2000),Comedy
3305,"Black Sabbath (Tre Volti Della Paura, I) (1963)",Horror
3306,"Brain That Wouldn't Die, The (1962)",Horror|Sci-Fi
3307,Bronco Billy (1980),Adventure|Drama|Romance
3308,"Crush, The (1993)",Thriller
3309,Kelly's Heroes (1970),Action|Comedy|War
3310,Phantasm II (1988),Horror
3311,Phantasm III: Lord of the Dead (1994),Horror
3312,Phantasm IV: Oblivion (1998),Horror
3313,Pumpkinhead (1988),Horror
3314,Air America (1990),Action|Comedy
3315,Sleepaway Camp (1983),Horror
3316,Steel Magnolias (1989),Drama
3317,And God Created Woman (Et Dieu&#8230;Créa la Femme) (1956),Drama
3318,Easy Money (1983),Comedy
3319,"Ilsa, She Wolf of the SS (1974)",Horror
3320,Silent Fall (1994),Drama|Thriller
3321,"Spiral Staircase, The (1946)",Thriller
3322,Whatever Happened to Aunt Alice? (1969),Crime|Thriller
3323,I'm the One That I Want (2000),Comedy
3324,"Tao of Steve, The (2000)",Comedy
3325,"Tic Code, The (1998)",Drama
3326,Aimée & Jaguar (1999),Drama|Romance
3327,"Affair of Love, An (Une Liaison Pornographique) (1999)",Drama|Romance
3328,Bless the Child (2000),Thriller
3329,Cecil B. Demented (2000),Comedy
3330,"Eyes of Tammy Faye, The (2000)",Documentary
3331,"Opportunists, The (1999)",Crime
3332,"Replacements, The (2000)",Comedy
3333,About Adam (2000),Comedy
3334,"Cell, The (2000)",Sci-Fi|Thriller
3335,Godzilla 2000 (Gojira ni-sen mireniamu) (1999),Action|Adventure|Sci-Fi
3336,"Original Kings of Comedy, The (2000)",Comedy|Documentary
3337,Sunset Strip (2000),Comedy
3338,All the Rage (a.k.a. It's the Rage) (1999),Drama
3339,"Naked Gun: From the Files of Police Squad!, The (1988)",Comedy
3340,"Naked Gun 2 1/2: The Smell of Fear, The (1991)",Comedy
3341,Our Town (1940),Drama
3342,Shane (1953),Drama|Western
3343,"Suddenly, Last Summer (1959)",Drama
3344,Cat Ballou (1965),Comedy|Western
3345,"Couch in New York, A (1996)",Comedy|Romance
3346,"Devil Rides Out, The (1968)",Horror
3347,Supergirl (1984),Action|Adventure|Fantasy
3348,X: The Unknown (1956),Sci-Fi
3349,"Art of War, The (2000)",Action
3350,"Ballad of Ramblin' Jack, The (2000)",Documentary
3351,Bring It On (2000),Comedy
3352,Catfish in Black Bean Sauce (2000),Comedy|Drama
3353,"Crew, The (2000)",Comedy
3354,Love & Sex (2000),Comedy|Romance
3355,Steal This Movie! (2000),Drama
3356,Highlander: Endgame (2000),Action|Adventure|Fantasy
3357,Turn It Up (2000),Crime|Drama
3358,Anatomy (Anatomie) (2000),Horror
3359,Nurse Betty (2000),Comedy|Thriller
3360,Solas (1999),Drama
3361,"Watcher, The (2000)",Crime|Thriller
3362,"Way of the Gun, The (2000)",Crime|Thriller
3363,Almost Famous (2000),Comedy|Drama
3364,Bait (2000),Action|Comedy
3365,Crime and Punishment in Suburbia (2000),Comedy|Drama
3366,Duets (2000),Comedy|Drama
3367,Goya in Bordeaux (Goya en Bodeos) (1999),Drama
3368,Urbania (2000),Drama
3369,"Specials, The (2000)",Comedy
3370,Under Suspicion (2000),Crime
3371,Urban Legends: Final Cut (2000),Horror
3372,Woman on Top (2000),Comedy|Romance
3373,Dancer in the Dark (2000),Drama|Musical
3374,Best in Show (2000),Comedy
3375,Beautiful (2000),Comedy|Drama
3376,Barenaked in America (1999),Documentary
3377,"Broken Hearts Club, The (2000)",Drama
3378,Girlfight (2000),Drama
3379,Remember the Titans (2000),Drama
3380,Hellraiser (1987),Horror
3381,Hellbound: Hellraiser II (1988),Horror
3382,Hellraiser III: Hell on Earth (1992),Horror
3383,"Faraway, So Close (In Weiter Ferne, So Nah!) (1993)",Drama|Fantasy
3384,Beach Party (1963),Comedy
3385,Bikini Beach (1964),Comedy
3386,Return of the Fly (1959),Horror|Sci-Fi
3387,Pajama Party (1964),Comedy
3388,Stranger Than Paradise (1984),Comedy
3389,Voyage to the Bottom of the Sea (1961),Adventure|Sci-Fi
3390,Fantastic Voyage (1966),Adventure|Sci-Fi
3391,Abbott and Costello Meet Frankenstein (1948),Comedy|Horror
3392,"Bank Dick, The (1940)",Comedy
3393,"Creature From the Black Lagoon, The (1954)",Horror
3394,"Giant Gila Monster, The (1959)",Horror|Sci-Fi
3395,"Invisible Man, The (1933)",Horror|Sci-Fi
3396,"Killer Shrews, The (1959)",Horror|Sci-Fi
3397,Kronos (1957),Sci-Fi
3398,Kronos (1973),Horror
3399,"Phantom of the Opera, The (1943)",Drama|Thriller
3400,Runaway (1984),Sci-Fi|Thriller
3401,"Slumber Party Massacre, The (1982)",Horror
3402,"Slumber Party Massacre II, The (1987)",Horror
3403,"Slumber Party Massacre III, The (1990)",Horror
3404,Sorority House Massacre (1986),Horror
3405,Sorority House Massacre II (1990),Horror
3406,Bamboozled (2000),Comedy
3407,Bootmen (2000),Comedy|Drama
3408,Digimon: The Movie (2000),Adventure|Animation|Children's
3409,Get Carter (2000),Action|Drama|Thriller
3410,Get Carter (1971),Thriller
3411,Meet the Parents (2000),Comedy
3412,Requiem for a Dream (2000),Drama
3413,Tigerland (2000),Drama
3414,Two Family House (2000),Drama
3415,"Contender, The (2000)",Drama|Thriller
